user_id,install_date,sessions,session_length,actions,revenue,tutorial_complete,retention_d7,group,country,device
22B030594_1,2025-01-20,5,8.207676494781154,47,0.0,0,1,B,UK,iOS
22B030594_2,2025-02-09,1,37.70419441994571,47,0.0,1,1,B,IN,iOS
22B030594_3,2025-01-11,3,6.636144771626325,8,0.0,0,0,B,US,iOS
22B030594_4,2025-02-02,2,35.41614054522208,10,0.0,1,0,A,JP,iOS
22B030594_5,2025-02-28,2,14.245714927929,48,0.95,1,0,B,IN,Android
22B030594_6,2025-01-14,2,6.972083314909732,21,0.44,0,0,B,UK,Android
22B030594_7,2025-02-21,2,17.46219248429209,17,0.0,0,1,A,JP,iOS
22B030594_8,2025-01-03,5,25.11093036864443,12,0.0,1,0,B,UK,iOS
22B030594_9,2025-01-04,5,13.271670121903597,18,0.0,0,1,B,JP,Android
22B030594_10,2025-02-09,6,12.44132639439796,19,0.0,0,0,B,BR,Android
22B030594_11,2025-01-23,2,26.165819882152178,24,0.0,1,0,B,JP,Android
22B030594_12,2025-01-20,2,7.089490478299195,18,0.0,0,1,B,IN,iOS
22B030594_13,2025-02-17,4,19.26660970696354,14,0.0,1,0,B,UK,Android
22B030594_14,2025-01-23,2,19.82324869321526,38,3.09,1,1,A,BR,Android
22B030594_15,2025-02-28,4,14.7722458289777,25,0.0,1,0,A,JP,Android
22B030594_16,2025-01-27,5,27.850794718321346,12,0.0,1,0,A,JP,Android
22B030594_17,2025-01-19,1,28.26554365591859,28,0.0,1,0,A,BR,iOS
22B030594_18,2025-01-22,3,11.787045120847246,22,0.0,1,1,A,JP,iOS
22B030594_19,2025-01-11,4,11.737480958169368,11,0.0,1,0,B,US,Android
22B030594_20,2025-01-04,3,17.758492325114204,49,0.45,1,0,A,JP,Android
22B030594_21,2025-02-09,2,21.068967851322004,25,1.44,1,1,B,UK,iOS
22B030594_22,2025-02-01,4,27.158240336136465,15,0.07,1,1,B,IN,Android
22B030594_23,2025-02-26,3,38.36685630537248,13,2.99,1,1,A,BR,iOS
22B030594_24,2025-02-20,2,10.344081894088461,28,0.0,1,0,A,IN,Android
22B030594_25,2025-01-05,5,22.256593972449636,28,0.0,1,0,B,US,iOS
22B030594_26,2025-02-15,3,14.659842601949695,21,0.0,1,0,A,JP,iOS
22B030594_27,2025-02-12,8,9.856107477521514,13,0.0,1,0,B,IN,Android
22B030594_28,2025-02-10,5,10.405414717029718,27,0.0,1,0,A,US,iOS
22B030594_29,2025-02-16,6,6.859073407925623,14,1.08,1,1,B,IN,Android
22B030594_30,2025-02-24,3,28.06121072261748,5,0.0,1,1,B,BR,iOS
22B030594_31,2025-01-28,2,41.426704485408976,22,0.0,0,0,B,US,iOS
22B030594_32,2025-01-30,3,14.06878346450864,16,0.0,0,0,A,JP,Android
22B030594_33,2025-02-14,5,16.361469290828573,14,0.18,1,0,A,JP,iOS
22B030594_34,2025-02-05,4,26.940844781803413,30,0.0,1,1,A,UK,iOS
22B030594_35,2025-01-21,1,23.02184258923281,20,0.0,1,1,A,IN,iOS
22B030594_36,2025-01-26,3,19.441920321431315,15,0.0,1,1,B,BR,iOS
22B030594_37,2025-01-20,2,9.097650107946198,16,0.0,1,1,A,JP,iOS
22B030594_38,2025-02-17,3,15.395128484145417,32,0.0,0,0,B,JP,Android
22B030594_39,2025-01-25,1,23.28278671895473,12,0.0,1,0,A,UK,Android
22B030594_40,2025-01-31,1,18.952991148151966,20,0.0,0,1,A,BR,iOS
22B030594_41,2025-02-05,1,17.90700987114993,28,0.0,1,0,A,IN,iOS
22B030594_42,2025-01-17,2,17.727160343505176,33,2.28,0,0,A,UK,Android
22B030594_43,2025-02-16,5,29.195757773854822,48,0.0,1,1,A,US,iOS
22B030594_44,2025-02-05,4,19.050474495253436,26,0.0,1,0,A,JP,iOS
22B030594_45,2025-02-02,3,26.476618980575466,40,0.0,0,0,A,JP,Android
22B030594_46,2025-02-18,3,7.117668659842389,22,0.0,1,1,A,US,iOS
22B030594_47,2025-01-13,1,27.492547972599073,28,0.0,1,1,A,JP,iOS
22B030594_48,2025-02-11,1,17.549254024668322,49,0.0,1,1,A,US,Android
22B030594_49,2025-02-09,2,16.95097223737248,24,0.0,1,1,A,US,Android
22B030594_50,2025-02-16,2,22.131660347851057,46,0.0,1,0,B,IN,Android
22B030594_51,2025-02-28,2,8.395384648039368,27,0.0,0,1,A,UK,Android
22B030594_52,2025-02-15,1,30.074514265123014,20,0.0,1,0,B,US,Android
22B030594_53,2025-02-08,2,23.846915167975496,21,5.47,1,0,B,IN,Android
22B030594_54,2025-02-17,1,14.839396142670434,43,0.0,1,0,B,UK,Android
22B030594_55,2025-01-06,4,7.70309257629606,37,0.0,0,1,B,US,Android
22B030594_56,2025-02-02,5,16.185873995506533,19,0.0,1,1,A,JP,iOS
22B030594_57,2025-01-09,3,26.228945419378192,24,0.0,1,1,A,JP,iOS
22B030594_58,2025-02-28,4,22.203566608975958,30,0.0,0,0,B,JP,iOS
22B030594_59,2025-02-04,6,17.390784872332905,41,0.0,1,1,B,UK,iOS
22B030594_60,2025-02-04,4,8.95019600319513,11,0.81,1,0,A,IN,Android
22B030594_61,2025-01-09,2,14.69698201364136,49,0.0,0,0,A,IN,iOS
22B030594_62,2025-02-20,6,36.67615634673587,18,0.0,1,0,A,BR,iOS
22B030594_63,2025-02-13,2,17.681917876593666,11,3.2,1,1,A,IN,Android
22B030594_64,2025-02-05,2,12.01971779847473,22,0.53,1,0,B,JP,iOS
22B030594_65,2025-01-28,1,19.644938439788007,21,0.0,1,0,A,IN,iOS
22B030594_66,2025-01-11,2,17.384368647928845,30,0.0,0,0,A,UK,iOS
22B030594_67,2025-01-06,2,28.01925875494666,21,0.0,0,1,B,UK,iOS
22B030594_68,2025-01-27,1,23.12907573569816,49,0.0,1,0,B,US,Android
22B030594_69,2025-01-10,5,9.111045351356536,47,0.0,1,0,A,IN,Android
22B030594_70,2025-01-05,3,36.697237919040276,49,0.0,0,1,B,IN,iOS
22B030594_71,2025-01-01,4,12.826259370768367,8,0.0,1,0,B,BR,iOS
22B030594_72,2025-03-01,3,20.075683643920343,21,0.0,1,1,A,UK,iOS
22B030594_73,2025-02-04,4,23.858134379949725,12,0.3,1,0,A,UK,iOS
22B030594_74,2025-03-01,3,13.506784906994223,33,0.0,1,0,B,BR,Android
22B030594_75,2025-02-23,2,2.6113342769228858,26,0.0,1,0,A,BR,Android
22B030594_76,2025-01-01,4,16.094390341862894,30,0.0,1,0,A,BR,Android
22B030594_77,2025-02-19,4,29.15976584389948,47,0.0,0,0,B,BR,iOS
22B030594_78,2025-02-04,2,29.376734466803768,18,0.54,1,1,A,IN,Android
22B030594_79,2025-02-27,2,10.146064302775374,20,0.0,1,1,B,JP,iOS
22B030594_80,2025-01-12,2,15.811205077638288,28,1.13,1,0,A,IN,iOS
22B030594_81,2025-01-03,3,20.252478599848793,26,0.0,0,0,A,UK,Android
22B030594_82,2025-02-13,5,20.536080478906715,43,0.0,1,0,B,BR,Android
22B030594_83,2025-02-25,3,17.8247650241254,39,0.0,1,0,A,BR,Android
22B030594_84,2025-01-20,3,18.325957587929626,19,0.0,1,0,B,IN,iOS
22B030594_85,2025-01-29,2,21.84238714445459,45,0.0,0,0,A,UK,Android
22B030594_86,2025-01-18,3,17.5949900084461,38,1.57,0,0,B,UK,iOS
22B030594_87,2025-02-06,5,22.20673793062751,16,0.0,0,0,B,US,Android
22B030594_88,2025-02-10,5,19.359285883731612,20,0.0,1,1,B,UK,iOS
22B030594_89,2025-01-18,4,23.548095315091555,18,0.0,0,0,A,JP,iOS
22B030594_90,2025-02-20,2,9.272801421277894,48,0.0,0,1,B,JP,iOS
22B030594_91,2025-02-05,2,23.299645847211927,33,0.0,1,0,A,JP,iOS
22B030594_92,2025-01-12,3,24.96667616243614,23,0.0,0,1,B,IN,Android
22B030594_93,2025-02-26,3,21.707001011240184,40,0.0,1,0,B,JP,iOS
22B030594_94,2025-02-11,0,18.11013893119603,49,0.0,0,1,B,JP,Android
22B030594_95,2025-01-02,4,27.365429298232094,38,0.0,1,0,B,UK,iOS
22B030594_96,2025-02-05,5,17.921609835361803,16,1.0,0,0,B,US,Android
22B030594_97,2025-02-24,1,25.38559134279796,34,0.0,1,0,A,JP,iOS
22B030594_98,2025-01-10,1,14.37857816479545,30,0.0,1,0,B,JP,Android
22B030594_99,2025-01-02,1,16.052988197496454,15,0.0,1,1,B,UK,iOS
22B030594_100,2025-01-30,1,29.848399261436963,22,0.0,1,0,A,BR,Android
22B030594_101,2025-01-19,3,21.10455295576095,6,0.0,1,0,A,US,iOS
22B030594_102,2025-01-27,1,25.726404147430472,9,0.0,1,1,B,BR,iOS
22B030594_103,2025-01-27,3,21.695797398101707,32,4.73,1,0,B,JP,Android
22B030594_104,2025-01-07,2,18.72366509539626,18,0.0,1,0,A,UK,Android
22B030594_105,2025-01-01,1,11.864601794917895,11,0.0,1,1,B,JP,iOS
22B030594_106,2025-01-10,4,10.453541333076092,10,0.0,1,1,B,US,Android
22B030594_107,2025-02-01,3,11.550913291208337,14,0.0,1,1,A,US,Android
22B030594_108,2025-02-21,3,28.07941396542442,42,0.0,1,1,A,US,iOS
22B030594_109,2025-01-20,3,26.152106026780594,28,0.0,0,0,A,IN,iOS
22B030594_110,2025-01-07,3,18.202230881482485,49,0.0,1,1,B,BR,iOS
22B030594_111,2025-02-05,3,23.114234248338494,47,0.0,1,1,A,UK,iOS
22B030594_112,2025-02-10,2,16.079792728468515,21,1.5,1,1,B,US,Android
22B030594_113,2025-01-03,2,13.926203853200892,16,0.58,1,1,A,US,Android
22B030594_114,2025-02-20,4,21.242257104652328,49,0.0,0,0,B,BR,Android
22B030594_115,2025-02-28,3,31.982757777635385,6,1.14,1,0,B,US,Android
22B030594_116,2025-01-12,8,22.500542350362736,20,0.0,0,0,B,UK,iOS
22B030594_117,2025-01-06,0,19.42362424014273,13,0.0,1,1,A,JP,iOS
22B030594_118,2025-01-08,1,30.4335099141374,6,0.0,1,0,B,IN,iOS
22B030594_119,2025-01-19,8,35.140710184345785,27,0.68,0,0,B,JP,Android
22B030594_120,2025-03-01,2,11.42755193429889,6,3.89,1,1,B,BR,iOS
22B030594_121,2025-01-14,3,32.78864282750149,48,0.0,1,1,A,IN,iOS
22B030594_122,2025-02-04,3,15.01016856218331,19,0.0,0,1,B,US,iOS
22B030594_123,2025-02-15,4,6.78135573302365,41,0.0,0,0,B,JP,Android
22B030594_124,2025-02-16,5,18.273634074959386,25,0.0,0,0,B,JP,Android
22B030594_125,2025-02-21,4,17.235818356447723,5,0.0,0,0,A,JP,Android
22B030594_126,2025-01-08,1,27.150867549136354,10,0.0,1,0,A,BR,iOS
22B030594_127,2025-01-10,3,17.15188775633236,6,0.0,1,1,A,BR,iOS
22B030594_128,2025-03-01,5,21.901279103310074,47,0.0,1,0,B,JP,Android
22B030594_129,2025-01-04,4,18.711284239590682,9,0.0,0,1,A,US,Android
22B030594_130,2025-01-23,1,16.059558597539073,36,0.0,1,0,B,JP,iOS
22B030594_131,2025-02-12,3,17.977849514545735,8,0.0,1,0,A,BR,Android
22B030594_132,2025-02-15,4,15.168357577551951,23,0.0,1,1,A,JP,Android
22B030594_133,2025-01-04,3,34.962552390057525,42,0.0,1,0,A,JP,iOS
22B030594_134,2025-01-19,4,9.906325578818707,42,0.0,1,0,B,IN,iOS
22B030594_135,2025-02-27,4,7.148082323981633,15,0.9,1,1,A,JP,Android
22B030594_136,2025-01-03,5,16.067542067145602,46,0.0,0,0,A,US,iOS
22B030594_137,2025-02-26,2,21.619495824478314,14,0.0,1,0,A,JP,iOS
22B030594_138,2025-01-11,1,22.885226400106973,17,0.0,1,1,B,BR,Android
22B030594_139,2025-01-06,6,31.800756901030894,40,0.0,1,0,B,UK,Android
22B030594_140,2025-02-22,4,30.781168573773975,16,0.0,0,0,B,UK,iOS
22B030594_141,2025-02-08,2,20.743060053487543,49,0.0,1,0,B,US,iOS
22B030594_142,2025-02-21,5,21.240166313167865,49,0.0,1,0,B,IN,iOS
22B030594_143,2025-02-14,1,19.586874753052776,35,0.92,1,1,A,IN,iOS
22B030594_144,2025-02-16,3,21.618832293942926,5,0.0,1,0,A,IN,Android
22B030594_145,2025-02-18,7,28.283832153665905,10,0.0,0,0,B,BR,Android
22B030594_146,2025-02-05,4,23.030492774112513,32,0.0,1,1,A,UK,iOS
22B030594_147,2025-02-12,2,25.5356465736731,22,0.0,0,1,B,IN,Android
22B030594_148,2025-02-14,6,16.007311249552618,7,1.39,0,1,B,US,Android
22B030594_149,2025-01-07,3,24.879138352323288,48,0.0,1,1,B,BR,Android
22B030594_150,2025-01-18,1,25.889366337930092,26,0.0,1,0,A,IN,Android
22B030594_151,2025-01-10,3,18.23420628232047,26,0.0,1,1,B,BR,Android
22B030594_152,2025-01-20,3,16.660022714355684,37,0.55,1,1,B,JP,Android
22B030594_153,2025-01-09,5,14.664065989398452,35,0.2,1,0,A,BR,iOS
22B030594_154,2025-02-21,4,12.442072114535062,39,0.0,1,0,B,IN,iOS
22B030594_155,2025-02-02,6,6.5745792308641064,30,0.41,1,1,B,IN,iOS
22B030594_156,2025-02-28,3,18.468867221799105,43,0.0,1,1,B,US,iOS
22B030594_157,2025-01-10,6,30.39983123997977,17,0.0,0,0,A,UK,iOS
22B030594_158,2025-02-21,5,9.444925185363118,45,0.0,0,0,B,IN,iOS
22B030594_159,2025-01-08,3,20.865334859630813,13,0.0,1,1,B,UK,Android
22B030594_160,2025-01-20,2,31.509222296623783,30,0.0,1,1,B,JP,Android
22B030594_161,2025-02-19,1,19.40983248225567,14,0.0,1,0,A,UK,Android
22B030594_162,2025-02-02,2,14.717743011302165,36,0.0,1,1,A,IN,Android
22B030594_163,2025-02-25,3,12.744924303057225,25,0.0,1,0,A,BR,Android
22B030594_164,2025-01-16,4,23.296301949707207,16,0.0,0,1,B,IN,Android
22B030594_165,2025-02-03,4,14.845082061476806,20,0.0,0,0,B,IN,Android
22B030594_166,2025-01-24,4,13.21646740527124,41,0.52,0,0,B,IN,Android
22B030594_167,2025-01-16,4,2.118251600961681,18,0.0,1,0,A,IN,Android
22B030594_168,2025-01-06,2,21.06034442079817,45,0.0,1,0,B,UK,Android
22B030594_169,2025-01-27,4,8.738404457639923,17,0.0,0,1,A,IN,Android
22B030594_170,2025-02-04,2,15.526892959202776,30,0.0,0,0,B,US,Android
22B030594_171,2025-01-15,5,11.830764374269732,34,1.18,1,0,A,US,iOS
22B030594_172,2025-01-26,4,20.71878511759242,27,0.0,1,0,B,BR,Android
22B030594_173,2025-01-31,2,24.808481822041546,29,0.0,0,0,A,IN,iOS
22B030594_174,2025-02-21,4,14.422322128516756,23,0.0,0,1,A,BR,Android
22B030594_175,2025-01-31,1,23.71937686531369,22,0.0,1,1,A,US,iOS
22B030594_176,2025-01-01,4,25.075437387561866,49,0.09,1,1,A,BR,iOS
22B030594_177,2025-01-02,3,25.646750697928375,39,0.0,1,0,A,UK,iOS
22B030594_178,2025-02-15,5,31.223646873805585,26,0.0,1,1,B,JP,Android
22B030594_179,2025-02-08,6,13.758982652910534,13,0.0,0,0,B,US,iOS
22B030594_180,2025-01-31,2,13.296322804752608,10,0.92,1,0,A,US,iOS
22B030594_181,2025-01-07,1,20.589616929381663,30,0.71,1,1,A,BR,Android
22B030594_182,2025-01-13,4,23.736525190698323,5,0.0,1,0,A,BR,iOS
22B030594_183,2025-01-02,3,24.129658916662294,22,0.62,1,1,A,UK,iOS
22B030594_184,2025-02-02,2,13.06229638235098,6,0.0,0,0,B,UK,iOS
22B030594_185,2025-02-21,5,12.166204120890491,49,0.0,1,1,B,IN,iOS
22B030594_186,2025-02-03,1,16.40057916076926,7,0.0,0,0,A,UK,iOS
22B030594_187,2025-02-13,4,18.7389206090713,43,0.0,1,1,A,BR,iOS
22B030594_188,2025-01-10,2,19.556970857220723,41,0.0,1,1,B,BR,iOS
22B030594_189,2025-01-12,1,21.343504724709554,5,0.0,0,0,B,UK,iOS
22B030594_190,2025-01-29,2,22.36256733188281,22,0.23,1,1,B,UK,iOS
22B030594_191,2025-02-12,5,16.96456247597987,37,0.0,1,1,B,JP,Android
22B030594_192,2025-01-29,5,19.17281579715026,12,1.45,0,0,A,IN,iOS
22B030594_193,2025-01-25,6,14.058553019783453,13,0.0,0,0,B,IN,Android
22B030594_194,2025-01-15,3,19.070482134261244,37,0.0,0,0,B,IN,iOS
22B030594_195,2025-02-18,4,15.36062282054845,29,0.0,1,0,B,JP,Android
22B030594_196,2025-02-05,8,14.175561393088568,25,0.0,1,0,A,JP,iOS
22B030594_197,2025-03-01,3,20.598513414942865,44,0.0,0,1,A,IN,iOS
22B030594_198,2025-02-22,6,13.406866174699033,21,0.0,0,1,B,JP,Android
22B030594_199,2025-01-18,2,20.559569163710236,31,0.0,1,1,A,JP,iOS
22B030594_200,2025-02-03,5,11.787277093760876,12,6.47,1,1,A,BR,iOS
22B030594_201,2025-01-10,1,20.236774443093584,38,0.0,0,0,B,US,Android
22B030594_202,2025-02-02,3,6.696387572030584,9,0.0,1,1,B,UK,Android
22B030594_203,2025-01-05,3,22.940208503225527,35,0.0,1,0,A,US,Android
22B030594_204,2025-02-10,3,21.483149347074896,43,0.0,0,0,A,JP,iOS
22B030594_205,2025-02-21,5,9.192891232476105,20,0.0,1,0,A,US,iOS
22B030594_206,2025-01-21,3,18.645322501710382,12,0.0,1,0,B,IN,iOS
22B030594_207,2025-01-03,3,13.747389267557814,34,0.0,1,0,B,US,iOS
22B030594_208,2025-01-31,3,16.52829886506935,25,0.0,1,0,A,US,iOS
22B030594_209,2025-02-17,6,20.979629034680112,32,0.0,0,0,B,JP,iOS
22B030594_210,2025-02-05,2,20.54665179676251,7,0.0,1,1,A,UK,iOS
22B030594_211,2025-02-09,0,28.4083441926851,17,2.56,0,0,B,BR,Android
22B030594_212,2025-02-04,4,18.946892330188785,30,1.14,0,1,B,IN,iOS
22B030594_213,2025-01-31,4,32.84721904869607,37,2.55,1,0,A,UK,Android
22B030594_214,2025-02-23,3,26.104317356555303,20,0.0,1,0,A,US,iOS
22B030594_215,2025-01-07,0,24.937279820360455,8,0.0,1,0,A,IN,iOS
22B030594_216,2025-01-02,0,25.57850063683028,38,0.0,1,1,B,UK,Android
22B030594_217,2025-01-05,3,28.037311506370298,16,0.0,0,0,B,IN,iOS
22B030594_218,2025-02-14,2,17.639906663360694,31,0.0,0,0,A,IN,Android
22B030594_219,2025-02-16,4,11.272006564620865,26,0.0,1,0,B,IN,Android
22B030594_220,2025-01-24,4,0.019899168616820617,27,1.38,1,1,A,UK,Android
22B030594_221,2025-01-16,2,20.21189583496531,26,0.0,1,1,A,BR,Android
22B030594_222,2025-01-19,6,3.84574611334774,12,0.0,0,0,B,US,Android
22B030594_223,2025-01-19,3,19.80347714420372,21,0.0,0,0,A,US,iOS
22B030594_224,2025-02-02,3,20.783282256604117,28,0.9,0,1,B,UK,Android
22B030594_225,2025-02-25,2,28.485705492111986,28,0.83,1,0,A,US,Android
22B030594_226,2025-01-13,5,27.895835114455586,6,0.0,0,0,A,US,iOS
22B030594_227,2025-01-13,8,7.064649521152381,35,0.0,0,1,B,UK,iOS
22B030594_228,2025-02-11,2,19.434104518855207,21,0.0,1,0,B,BR,Android
22B030594_229,2025-01-16,2,13.041230439876616,11,0.46,1,0,A,IN,iOS
22B030594_230,2025-01-25,3,21.843011897380077,27,0.35,1,0,A,BR,iOS
22B030594_231,2025-01-31,3,11.537620290031422,36,0.27,0,1,B,US,iOS
22B030594_232,2025-02-24,5,15.396078714983288,5,0.0,1,1,A,IN,Android
22B030594_233,2025-02-17,1,9.730780048540877,27,0.0,1,0,A,BR,iOS
22B030594_234,2025-01-27,2,28.35119876762809,30,0.0,0,0,A,JP,iOS
22B030594_235,2025-01-03,8,30.651063285899824,18,0.0,1,0,A,BR,iOS
22B030594_236,2025-01-17,2,18.082190282106474,20,0.0,1,0,A,JP,iOS
22B030594_237,2025-01-15,2,26.165444684281404,42,0.0,0,0,A,IN,Android
22B030594_238,2025-01-13,4,10.39833951904236,43,0.0,1,0,A,BR,iOS
22B030594_239,2025-02-13,4,16.190535056760424,49,0.0,1,0,A,US,iOS
22B030594_240,2025-02-14,2,28.224299883554743,13,1.12,1,1,A,JP,iOS
22B030594_241,2025-01-13,1,19.868261162646217,34,0.0,1,1,A,IN,Android
22B030594_242,2025-01-14,3,11.572547241320292,36,0.0,1,0,B,BR,Android
22B030594_243,2025-02-04,4,20.121847905269462,41,0.0,0,1,A,BR,iOS
22B030594_244,2025-02-05,1,2.9775260186267296,28,0.0,1,0,A,IN,iOS
22B030594_245,2025-02-25,3,19.219092182126413,33,0.0,1,0,A,JP,Android
22B030594_246,2025-01-14,4,11.563356325399432,5,0.0,0,0,A,JP,Android
22B030594_247,2025-02-16,5,18.535052258859295,47,0.0,1,0,B,JP,iOS
22B030594_248,2025-01-08,6,24.687546673560846,30,0.0,1,0,B,US,Android
22B030594_249,2025-01-27,4,30.10070240643742,25,0.8,0,1,A,IN,Android
22B030594_250,2025-01-14,2,13.63995371220468,12,0.0,1,1,A,UK,Android
22B030594_251,2025-02-22,2,24.75198221078409,34,0.0,0,1,A,JP,Android
22B030594_252,2025-02-09,4,20.66486569083175,39,0.0,1,1,B,IN,iOS
22B030594_253,2025-01-14,2,16.101710225355227,10,0.0,0,0,A,UK,Android
22B030594_254,2025-02-09,6,19.677519542864967,28,0.24,1,0,B,BR,Android
22B030594_255,2025-01-08,2,10.167511773297983,21,0.0,0,0,A,US,iOS
22B030594_256,2025-01-26,4,10.68133884635303,19,0.0,0,0,B,UK,iOS
22B030594_257,2025-01-17,1,21.288387067323416,17,0.0,0,0,A,IN,iOS
22B030594_258,2025-01-27,2,26.44708623119857,38,0.0,0,1,B,BR,Android
22B030594_259,2025-02-06,3,1.9984540079375392,45,0.0,1,1,B,BR,iOS
22B030594_260,2025-02-04,1,13.069898872125593,35,0.0,0,1,A,US,iOS
22B030594_261,2025-02-07,2,26.4571703405911,23,0.23,1,1,A,JP,Android
22B030594_262,2025-02-19,3,23.467356940678354,6,0.0,0,0,B,UK,iOS
22B030594_263,2025-01-29,4,24.052246616335086,37,0.0,1,0,A,JP,Android
22B030594_264,2025-01-12,4,28.440752553982307,37,0.0,1,0,B,US,Android
22B030594_265,2025-02-20,4,29.652360866430953,37,4.8,1,0,B,IN,iOS
22B030594_266,2025-02-19,6,33.21112329180406,43,0.0,0,0,B,UK,iOS
22B030594_267,2025-02-04,1,26.379898333410555,26,0.0,1,0,A,JP,Android
22B030594_268,2025-02-05,2,23.767646024107833,39,1.24,1,1,A,JP,iOS
22B030594_269,2025-02-27,3,20.52282354477383,22,0.0,1,1,A,IN,Android
22B030594_270,2025-02-24,2,19.467341948444666,27,0.0,0,0,B,IN,Android
22B030594_271,2025-01-18,2,15.783381940634445,31,0.0,1,1,A,BR,Android
22B030594_272,2025-01-21,5,21.700660795559415,31,0.0,1,0,B,JP,Android
22B030594_273,2025-01-01,5,14.0127384100172,47,0.0,1,0,A,BR,Android
22B030594_274,2025-01-29,5,24.574247525384962,8,2.53,1,1,A,JP,Android
22B030594_275,2025-01-20,5,8.006825980569374,25,0.0,1,0,B,JP,Android
22B030594_276,2025-02-23,3,12.697185646288208,23,0.0,1,1,B,US,Android
22B030594_277,2025-02-24,3,26.298912250340724,31,0.0,0,0,B,IN,iOS
22B030594_278,2025-02-09,4,19.646007318870517,44,0.0,1,0,B,UK,iOS
22B030594_279,2025-02-05,3,19.512776914573315,39,0.0,0,1,B,IN,iOS
22B030594_280,2025-01-15,1,12.935181940550361,5,4.58,0,0,A,JP,iOS
22B030594_281,2025-01-24,6,21.045568557405065,32,0.0,1,0,A,US,Android
22B030594_282,2025-01-06,2,17.072267513036863,15,0.0,0,1,B,US,iOS
22B030594_283,2025-01-18,4,19.04040504800593,41,1.39,1,1,A,JP,Android
22B030594_284,2025-01-28,3,12.2556748357511,19,0.0,1,1,A,UK,Android
22B030594_285,2025-02-25,5,10.615728107362154,49,0.0,1,0,A,US,iOS
22B030594_286,2025-01-08,8,9.770329696831709,9,0.0,1,0,A,JP,iOS
22B030594_287,2025-01-21,4,20.506676376947354,49,0.0,1,1,A,UK,Android
22B030594_288,2025-02-04,2,11.714573003277213,18,0.0,1,0,B,IN,Android
22B030594_289,2025-02-01,2,28.167840307501393,25,0.0,0,1,A,BR,Android
22B030594_290,2025-01-03,2,26.747730731555578,38,0.0,1,0,A,US,Android
22B030594_291,2025-01-05,2,29.260381942560116,42,0.0,0,0,B,UK,iOS
22B030594_292,2025-01-11,6,28.978447989511764,22,0.0,0,0,A,UK,Android
22B030594_293,2025-02-09,2,17.112421507312256,5,0.0,1,1,A,BR,iOS
22B030594_294,2025-02-14,2,13.300903655161724,17,0.0,1,1,B,IN,Android
22B030594_295,2025-01-09,4,8.886176570517645,41,0.0,0,1,A,IN,Android
22B030594_296,2025-01-14,0,3.4977401529609793,8,0.0,1,0,B,US,iOS
22B030594_297,2025-02-14,3,22.979981926303733,6,0.0,1,0,A,BR,Android
22B030594_298,2025-02-28,4,7.344404901925724,33,0.41,1,0,A,UK,Android
22B030594_299,2025-02-05,5,33.194340116011155,43,0.0,1,0,A,UK,Android
22B030594_300,2025-01-30,3,26.177768561734823,49,0.0,1,0,A,JP,Android
22B030594_301,2025-01-31,1,23.56899839114923,16,0.0,1,0,A,IN,Android
22B030594_302,2025-01-14,4,8.116408025311996,35,0.0,1,1,A,JP,Android
22B030594_303,2025-01-19,3,24.497640467268923,7,0.81,1,1,A,UK,Android
22B030594_304,2025-02-15,3,0.5180284159498889,27,0.0,1,1,B,JP,Android
22B030594_305,2025-02-14,5,16.025899509901027,24,0.0,1,0,A,UK,iOS
22B030594_306,2025-01-31,3,23.489074651686618,35,0.0,0,0,B,IN,Android
22B030594_307,2025-01-15,3,23.651480256153974,25,0.0,0,0,A,JP,iOS
22B030594_308,2025-02-19,6,10.864666396219969,12,0.0,1,1,B,JP,iOS
22B030594_309,2025-01-02,0,23.18827178802944,40,0.0,1,1,A,UK,Android
22B030594_310,2025-01-20,3,2.334869174645135,26,0.0,1,0,A,JP,iOS
22B030594_311,2025-01-06,1,10.070349608754682,41,0.0,0,1,A,UK,Android
22B030594_312,2025-01-19,3,15.545455311769302,44,0.0,1,0,A,UK,iOS
22B030594_313,2025-01-17,4,24.226723608664237,8,0.0,1,0,B,BR,iOS
22B030594_314,2025-01-31,1,5.388452346537498,43,0.44,0,1,A,BR,iOS
22B030594_315,2025-01-18,2,32.421094044079,27,1.06,0,0,B,IN,Android
22B030594_316,2025-02-15,1,16.404971059086208,16,0.0,1,0,A,UK,iOS
22B030594_317,2025-01-15,3,27.963499502112242,45,0.0,1,1,A,US,Android
22B030594_318,2025-02-17,1,28.701353551185974,49,3.49,1,1,A,UK,iOS
22B030594_319,2025-02-24,1,17.316289248980468,48,0.0,1,0,B,JP,iOS
22B030594_320,2025-02-03,4,19.10099435521419,12,0.36,0,1,A,JP,Android
22B030594_321,2025-01-17,4,18.05645293938846,24,0.0,1,1,A,US,Android
22B030594_322,2025-01-28,2,15.982716273427206,27,0.0,1,0,A,US,Android
22B030594_323,2025-01-31,3,21.123374483128593,9,0.0,1,0,B,UK,Android
22B030594_324,2025-02-18,2,13.074707435704937,37,0.0,0,1,A,IN,Android
22B030594_325,2025-02-28,4,19.91329213499548,15,0.0,1,0,A,UK,Android
22B030594_326,2025-02-26,1,13.851877009936974,48,0.0,0,1,A,BR,Android
22B030594_327,2025-02-10,4,6.536154434021714,15,0.0,1,1,B,JP,Android
22B030594_328,2025-01-08,1,25.081954307362743,25,0.0,0,0,B,US,Android
22B030594_329,2025-01-24,5,3.3600128957445214,18,0.0,1,0,B,BR,Android
22B030594_330,2025-02-17,2,30.927897412447766,47,1.49,0,0,A,BR,iOS
22B030594_331,2025-01-16,2,19.292644961268135,47,0.0,1,1,A,IN,Android
22B030594_332,2025-01-07,1,28.567901673454408,10,0.0,1,0,A,BR,iOS
22B030594_333,2025-02-16,3,9.423794890659405,47,0.0,0,0,B,IN,iOS
22B030594_334,2025-01-11,2,21.612328372520672,21,1.73,0,1,A,JP,iOS
22B030594_335,2025-02-24,6,21.47720991739949,8,0.0,1,0,A,UK,Android
22B030594_336,2025-01-22,6,13.444483759839194,19,0.0,1,1,A,BR,Android
22B030594_337,2025-01-04,5,12.643096126138625,7,0.0,0,0,B,JP,iOS
22B030594_338,2025-02-06,5,24.580481452266305,39,0.68,0,0,A,US,iOS
22B030594_339,2025-02-24,2,22.721285000572674,34,0.0,1,0,A,IN,iOS
22B030594_340,2025-02-20,2,13.823693605714755,36,0.0,1,0,B,US,iOS
22B030594_341,2025-01-07,2,15.315277401721836,46,0.0,1,1,A,IN,iOS
22B030594_342,2025-02-08,3,9.462427665776916,34,0.0,1,0,A,JP,Android
22B030594_343,2025-01-13,2,19.280503282751653,18,0.0,0,1,A,BR,iOS
22B030594_344,2025-01-27,5,20.375985459528874,31,0.0,1,0,A,JP,iOS
22B030594_345,2025-01-10,3,19.286797078777198,46,0.0,0,0,B,US,Android
22B030594_346,2025-02-23,2,26.95255651641409,29,0.0,1,1,A,JP,iOS
22B030594_347,2025-02-01,1,9.918797080228892,39,0.0,1,0,B,JP,iOS
22B030594_348,2025-01-16,2,35.053523311517964,44,0.0,1,0,B,BR,Android
22B030594_349,2025-02-28,5,18.79735729018866,37,0.0,1,0,A,IN,iOS
22B030594_350,2025-02-05,5,27.271356628610476,43,0.0,1,0,A,US,iOS
22B030594_351,2025-01-29,2,19.71548032955005,37,0.0,1,0,A,JP,iOS
22B030594_352,2025-02-21,2,8.737021922630785,28,0.0,0,1,B,BR,iOS
22B030594_353,2025-02-03,2,6.143622791347447,28,0.0,1,1,A,US,Android
22B030594_354,2025-01-12,4,13.31972309315839,17,0.0,0,1,A,JP,iOS
22B030594_355,2025-02-03,3,24.619514651952425,43,0.0,1,1,A,BR,Android
22B030594_356,2025-02-20,2,25.347060822217312,20,0.0,1,0,A,JP,Android
22B030594_357,2025-01-15,1,12.489761991796037,43,0.0,1,0,B,UK,Android
22B030594_358,2025-01-29,4,26.51185836172618,44,0.0,0,0,B,US,Android
22B030594_359,2025-02-23,5,11.087227026739226,30,0.0,1,1,A,UK,Android
22B030594_360,2025-02-10,3,21.831446649531976,24,0.0,1,0,A,JP,iOS
22B030594_361,2025-01-19,8,3.06718893242358,43,0.0,1,0,B,BR,Android
22B030594_362,2025-01-22,2,27.646327516738324,12,0.0,1,1,B,JP,Android
22B030594_363,2025-02-21,5,18.569502896532626,16,0.3,1,0,B,US,iOS
22B030594_364,2025-02-11,2,36.35325987404681,40,0.0,0,1,B,US,iOS
22B030594_365,2025-02-18,2,16.88990427800324,30,0.0,1,1,B,US,Android
22B030594_366,2025-02-11,1,22.842968988312123,48,0.0,1,1,A,BR,Android
22B030594_367,2025-01-02,1,28.90128352841714,32,0.88,0,0,B,UK,iOS
22B030594_368,2025-01-19,6,19.063296808965692,43,0.0,0,0,A,US,iOS
22B030594_369,2025-01-15,4,15.135881483213133,19,0.0,0,0,B,JP,Android
22B030594_370,2025-01-12,5,33.17264180780933,18,0.0,1,0,B,IN,Android
22B030594_371,2025-01-27,6,13.874751486685684,38,0.0,0,0,B,IN,Android
22B030594_372,2025-02-07,5,23.938666788675178,26,0.0,1,0,B,IN,iOS
22B030594_373,2025-02-28,3,13.255753550707702,7,0.0,0,1,B,UK,Android
22B030594_374,2025-01-16,3,1.0432017396224182,30,0.0,1,1,B,UK,iOS
22B030594_375,2025-02-07,4,15.944074877153165,7,0.0,1,1,A,IN,iOS
22B030594_376,2025-02-05,2,20.822317233646903,18,0.0,0,0,A,BR,Android
22B030594_377,2025-02-06,1,10.368882401773456,16,0.0,0,0,B,US,Android
22B030594_378,2025-02-14,5,18.676325194699313,31,1.63,0,0,A,BR,Android
22B030594_379,2025-01-03,4,17.372529101671347,40,0.0,1,0,A,BR,Android
22B030594_380,2025-02-20,2,22.368307655162283,25,0.03,0,0,A,BR,Android
22B030594_381,2025-02-15,3,27.87831928341437,18,0.0,1,0,B,UK,Android
22B030594_382,2025-02-01,6,28.008471813802753,9,0.0,1,1,B,JP,iOS
22B030594_383,2025-01-05,3,12.034230066742413,15,0.0,1,1,A,JP,iOS
22B030594_384,2025-02-17,4,7.394967236304263,13,0.0,1,1,B,IN,iOS
22B030594_385,2025-02-11,4,17.00998658050627,23,0.0,0,0,B,US,Android
22B030594_386,2025-01-30,4,19.221630570225813,13,0.0,1,0,A,IN,Android
22B030594_387,2025-02-16,4,25.015396558047406,14,0.0,1,0,B,BR,Android
22B030594_388,2025-01-14,5,24.464910523852957,21,0.0,0,1,A,JP,Android
22B030594_389,2025-01-17,2,16.812412106969482,39,0.0,1,0,A,US,Android
22B030594_390,2025-01-31,2,26.749444722704634,49,0.0,1,0,A,UK,iOS
22B030594_391,2025-01-27,3,24.060025605407226,35,0.39,1,1,B,JP,Android
22B030594_392,2025-01-29,1,19.269556253568712,12,0.0,1,1,A,IN,Android
22B030594_393,2025-02-02,4,24.151347398909476,6,0.0,0,1,B,IN,iOS
22B030594_394,2025-02-28,2,16.069775577797124,43,0.82,1,1,B,US,Android
22B030594_395,2025-02-16,3,32.78398574750333,45,2.27,1,0,B,JP,Android
22B030594_396,2025-02-20,2,36.339826807034754,46,0.0,1,1,B,JP,Android
22B030594_397,2025-02-08,6,15.49563272675366,31,0.0,0,1,B,US,Android
22B030594_398,2025-01-30,5,22.796876238064712,19,0.0,0,0,B,UK,iOS
22B030594_399,2025-01-08,3,28.334455245530865,41,0.0,1,0,A,JP,iOS
22B030594_400,2025-02-22,1,15.432323563982973,13,0.0,1,1,A,UK,iOS
22B030594_401,2025-01-06,3,17.2431764999556,6,0.0,1,0,A,BR,iOS
22B030594_402,2025-01-05,2,16.10564276964181,8,0.0,0,0,A,BR,iOS
22B030594_403,2025-02-19,1,14.268997347742689,17,0.0,1,1,B,US,Android
22B030594_404,2025-01-17,3,43.01828093587622,20,1.38,1,0,A,JP,Android
22B030594_405,2025-01-28,1,11.40781203820458,37,0.0,0,1,B,JP,Android
22B030594_406,2025-01-07,2,10.589471923818177,32,0.0,1,1,A,JP,iOS
22B030594_407,2025-01-23,1,24.856667766635383,14,3.47,0,0,A,JP,iOS
22B030594_408,2025-01-24,4,9.21124968969064,36,0.0,1,1,B,IN,Android
22B030594_409,2025-01-01,4,17.768651397599356,14,0.0,1,0,A,IN,Android
22B030594_410,2025-03-01,6,13.316887258161424,15,0.0,0,1,B,IN,Android
22B030594_411,2025-01-25,5,22.48573763396436,20,1.12,0,1,B,JP,Android
22B030594_412,2025-01-05,2,25.066939017180452,8,3.82,1,1,B,IN,iOS
22B030594_413,2025-02-01,3,30.893188248549,32,0.0,1,0,A,BR,Android
22B030594_414,2025-02-22,2,24.856139656784727,42,0.0,0,1,A,BR,Android
22B030594_415,2025-01-10,4,13.346873019423644,23,0.0,1,0,B,JP,Android
22B030594_416,2025-01-28,3,15.553031716104563,26,0.0,1,0,A,US,iOS
22B030594_417,2025-03-01,2,27.507703415698337,11,0.0,0,1,B,BR,iOS
22B030594_418,2025-01-24,4,3.1684201704996298,46,0.39,1,0,B,US,iOS
22B030594_419,2025-01-29,3,22.751459252513783,27,0.0,0,0,A,BR,Android
22B030594_420,2025-01-16,0,10.033470892401391,20,0.0,0,0,A,US,iOS
22B030594_421,2025-02-04,2,20.257953182011722,22,0.0,1,0,A,BR,Android
22B030594_422,2025-01-05,6,17.11536418726738,5,0.79,1,0,B,JP,iOS
22B030594_423,2025-01-01,1,26.58661952120904,26,1.26,1,0,B,BR,iOS
22B030594_424,2025-01-06,0,17.689063162896435,15,0.0,0,0,A,JP,iOS
22B030594_425,2025-01-21,0,25.896538924040456,21,0.66,0,1,A,JP,Android
22B030594_426,2025-02-12,2,19.50721785622996,6,0.0,0,0,B,BR,Android
22B030594_427,2025-01-03,2,19.298926847347257,5,3.85,0,0,B,IN,iOS
22B030594_428,2025-01-15,3,20.604718395080017,47,0.86,1,0,A,JP,Android
22B030594_429,2025-02-07,5,25.79532337110633,26,0.0,1,1,B,JP,Android
22B030594_430,2025-01-10,0,11.480486562859555,48,0.0,1,0,A,IN,iOS
22B030594_431,2025-02-17,5,16.422010456809588,19,0.0,1,0,A,US,iOS
22B030594_432,2025-01-14,2,25.471844853625065,49,1.97,1,1,A,BR,Android
22B030594_433,2025-02-23,2,19.876437202986097,47,0.91,1,1,A,JP,Android
22B030594_434,2025-02-16,2,25.14353640952735,12,2.46,1,1,A,IN,Android
22B030594_435,2025-02-11,2,17.180569288670945,22,0.0,0,0,A,JP,Android
22B030594_436,2025-02-08,3,40.71903066325795,14,0.0,1,0,B,US,iOS
22B030594_437,2025-01-14,2,19.546539265686995,11,0.0,1,0,A,IN,Android
22B030594_438,2025-01-10,3,11.306403743763944,25,0.0,1,1,B,IN,iOS
22B030594_439,2025-01-23,2,13.163721918525916,39,0.0,1,0,B,IN,iOS
22B030594_440,2025-02-10,3,29.117227233950764,25,0.0,0,0,B,JP,Android
22B030594_441,2025-01-31,4,19.768612458714482,38,0.53,1,0,B,UK,iOS
22B030594_442,2025-02-18,6,13.059548315382042,34,0.0,1,0,A,US,Android
22B030594_443,2025-01-20,7,43.18442914493714,28,0.0,0,1,B,BR,iOS
22B030594_444,2025-01-01,2,14.218984710851247,35,0.0,1,0,A,US,iOS
22B030594_445,2025-01-23,4,20.43898099693613,40,0.0,0,0,A,IN,Android
22B030594_446,2025-01-31,2,15.143495031110769,34,0.0,0,1,B,UK,Android
22B030594_447,2025-02-04,2,19.547275399166235,33,0.0,1,0,B,JP,iOS
22B030594_448,2025-02-23,4,11.168535225136182,48,0.0,0,0,A,UK,Android
22B030594_449,2025-02-21,2,22.50700514689209,24,0.0,0,0,B,IN,Android
22B030594_450,2025-02-08,0,22.697042529497786,39,0.0,1,1,A,JP,Android
22B030594_451,2025-02-11,5,22.821966000141945,42,0.0,1,1,B,IN,Android
22B030594_452,2025-01-31,6,36.75160246636992,47,0.0,0,0,A,US,iOS
22B030594_453,2025-01-04,5,16.542424199508538,45,0.0,1,1,A,IN,Android
22B030594_454,2025-01-05,2,8.165560492968945,5,0.0,1,0,B,BR,Android
22B030594_455,2025-01-22,2,11.750763623912515,39,0.0,1,1,A,IN,iOS
22B030594_456,2025-01-21,4,13.252137015825618,23,0.0,0,0,B,JP,Android
22B030594_457,2025-02-28,3,26.743265603858003,16,0.0,1,1,B,JP,Android
22B030594_458,2025-02-11,2,31.24577542865589,42,0.0,1,1,B,IN,Android
22B030594_459,2025-02-24,6,16.858405266239874,42,3.24,1,1,A,JP,iOS
22B030594_460,2025-01-25,1,26.373235876173396,13,0.0,1,0,B,BR,Android
22B030594_461,2025-01-26,1,25.718102348003338,20,0.9,1,1,A,US,Android
22B030594_462,2025-01-28,4,30.32015762024424,6,7.1,1,0,A,US,Android
22B030594_463,2025-01-06,2,12.433084515236256,40,0.0,0,1,B,BR,Android
22B030594_464,2025-01-19,3,21.71504904050137,27,1.23,1,0,B,BR,iOS
22B030594_465,2025-01-26,2,27.869583956242487,5,0.0,1,0,B,UK,iOS
22B030594_466,2025-02-05,4,10.50582560686267,31,0.0,1,0,B,US,Android
22B030594_467,2025-02-03,3,22.73093662985634,28,0.0,1,0,B,JP,Android
22B030594_468,2025-02-27,0,10.723531688420382,29,0.0,1,1,A,UK,iOS
22B030594_469,2025-02-20,2,24.358213515428503,42,0.0,1,0,B,IN,Android
22B030594_470,2025-01-18,3,51.846794873028585,46,0.0,1,0,A,US,Android
22B030594_471,2025-02-18,3,16.622732899382417,44,0.0,1,0,B,BR,iOS
22B030594_472,2025-02-25,3,15.336106547483487,39,0.0,1,0,A,IN,iOS
22B030594_473,2025-01-31,2,35.30107052680566,26,0.0,1,0,B,UK,iOS
22B030594_474,2025-02-26,0,4.858435729227004,16,0.0,1,0,A,JP,Android
22B030594_475,2025-02-21,5,20.880725842201482,40,0.0,1,1,B,JP,iOS
22B030594_476,2025-01-25,7,23.746101485988884,49,0.0,1,1,A,US,Android
22B030594_477,2025-02-20,0,35.932711288006786,49,0.0,1,1,A,BR,Android
22B030594_478,2025-01-29,1,9.035106933729232,48,2.81,1,0,B,UK,iOS
22B030594_479,2025-01-31,6,2.5117441364838378,5,1.71,0,0,B,IN,iOS
22B030594_480,2025-01-16,1,21.7792397993111,7,0.67,1,0,A,IN,Android
22B030594_481,2025-01-27,3,18.525476514049647,8,0.0,1,0,B,US,Android
22B030594_482,2025-02-06,2,28.9812272611708,28,0.28,0,1,B,BR,iOS
22B030594_483,2025-01-20,4,27.208057859097707,40,0.0,1,1,A,BR,iOS
22B030594_484,2025-02-06,0,14.887376177312817,12,0.0,0,0,B,IN,Android
22B030594_485,2025-01-11,4,26.61696664031015,35,0.0,1,1,A,IN,iOS
22B030594_486,2025-01-07,1,25.40546948604295,5,0.0,1,0,A,UK,Android
22B030594_487,2025-02-11,1,7.575625070200905,47,0.0,1,0,B,IN,Android
22B030594_488,2025-02-24,3,22.560280982293442,9,0.0,1,0,B,US,Android
22B030594_489,2025-01-27,3,8.920895478211827,43,0.0,1,0,B,IN,iOS
22B030594_490,2025-01-12,5,22.72508329180635,19,0.0,1,0,A,JP,iOS
22B030594_491,2025-01-17,4,26.950723667192044,41,0.0,0,0,A,IN,Android
22B030594_492,2025-01-10,5,16.79542348409264,25,4.09,1,0,B,JP,iOS
22B030594_493,2025-02-12,2,25.805314850530124,35,0.0,1,0,B,BR,Android
22B030594_494,2025-01-07,4,24.394258845998987,48,0.0,0,0,B,BR,iOS
22B030594_495,2025-02-13,1,1.1879218680798758,38,1.67,1,1,B,BR,Android
22B030594_496,2025-02-28,1,6.078008939317954,18,0.43,0,1,B,UK,iOS
22B030594_497,2025-01-17,4,13.296457187111896,35,0.0,1,1,B,IN,Android
22B030594_498,2025-01-13,1,10.32403882408434,43,0.0,0,1,B,IN,Android
22B030594_499,2025-01-10,1,7.617345916185679,34,0.0,1,0,B,UK,iOS
22B030594_500,2025-02-05,3,20.44619219165312,37,2.92,1,1,A,BR,iOS
22B030594_501,2025-02-06,4,19.27714202758971,24,0.0,1,0,B,JP,iOS
22B030594_502,2025-02-27,2,14.7504054988812,15,0.0,1,0,B,US,Android
22B030594_503,2025-02-26,5,18.812170761839194,5,2.0,1,1,A,JP,Android
22B030594_504,2025-02-21,3,22.606909407602505,49,0.0,0,0,A,BR,iOS
22B030594_505,2025-02-11,3,18.708414026293852,43,0.0,0,0,B,JP,iOS
22B030594_506,2025-02-17,2,22.218593880417426,11,0.0,1,0,B,UK,Android
22B030594_507,2025-02-10,1,10.300674834131069,30,0.0,1,1,B,BR,iOS
22B030594_508,2025-02-02,2,32.82906119829992,27,0.0,0,1,A,IN,Android
22B030594_509,2025-02-17,7,38.860900508215906,49,0.0,1,1,B,JP,Android
22B030594_510,2025-01-28,2,21.794360822897453,16,0.56,1,0,A,IN,Android
22B030594_511,2025-02-11,2,20.23953541624496,6,0.0,1,0,A,JP,iOS
22B030594_512,2025-02-05,6,20.066830572505584,22,0.14,1,0,A,US,iOS
22B030594_513,2025-01-10,0,11.827804350734386,36,0.0,1,1,B,JP,iOS
22B030594_514,2025-01-17,8,23.286375881231443,11,0.0,0,0,A,US,Android
22B030594_515,2025-01-22,4,19.073174809001166,17,0.0,1,0,A,IN,Android
22B030594_516,2025-02-23,2,28.95688978949476,30,2.45,1,0,B,BR,Android
22B030594_517,2025-01-22,4,12.552131756057946,47,0.0,1,0,B,JP,Android
22B030594_518,2025-01-25,3,28.94779849144333,16,0.0,1,1,A,US,iOS
22B030594_519,2025-01-28,1,13.347719716689749,31,0.0,0,0,A,BR,iOS
22B030594_520,2025-02-13,1,28.391742959734202,23,0.0,1,0,A,IN,iOS
22B030594_521,2025-01-07,0,18.565240866058517,8,0.75,1,0,B,IN,iOS
22B030594_522,2025-02-25,3,21.47199593178517,36,0.46,1,0,A,BR,iOS
22B030594_523,2025-01-26,4,15.306413738505581,17,0.0,1,0,A,BR,Android
22B030594_524,2025-02-13,3,8.41234270092302,9,0.0,1,0,A,US,iOS
22B030594_525,2025-01-29,4,28.021164307056246,24,0.0,0,0,B,US,iOS
22B030594_526,2025-02-20,2,39.17788655485483,33,0.0,1,1,A,UK,iOS
22B030594_527,2025-01-14,6,11.339676734897001,46,3.03,1,1,B,JP,iOS
22B030594_528,2025-01-13,4,28.89489524614245,44,0.0,0,1,B,JP,Android
22B030594_529,2025-02-20,1,23.503224551206273,26,0.0,1,0,B,BR,iOS
22B030594_530,2025-01-22,0,11.227874519936528,26,0.06,0,1,A,BR,Android
22B030594_531,2025-01-14,3,22.526943128598436,5,0.0,1,0,A,JP,iOS
22B030594_532,2025-01-16,3,26.225060778342723,37,0.0,1,1,B,BR,Android
22B030594_533,2025-02-07,1,25.39483964872403,7,0.13,0,1,A,IN,iOS
22B030594_534,2025-02-13,6,37.03720933716056,14,0.0,0,0,A,UK,Android
22B030594_535,2025-01-24,2,16.716068418535837,34,0.0,1,1,B,JP,Android
22B030594_536,2025-01-03,3,26.601993933668332,21,0.0,1,0,B,US,iOS
22B030594_537,2025-01-28,5,27.113291813025086,48,0.0,1,0,A,BR,Android
22B030594_538,2025-02-21,5,27.598400825228758,45,0.0,1,0,B,UK,iOS
22B030594_539,2025-01-10,6,33.80917004627222,13,0.0,1,0,B,US,Android
22B030594_540,2025-02-04,4,23.95788138082404,27,0.0,1,1,B,BR,Android
22B030594_541,2025-01-22,5,29.08438728551498,47,0.0,1,0,B,US,iOS
22B030594_542,2025-01-24,4,16.211257679791746,13,0.0,0,0,B,US,Android
22B030594_543,2025-02-06,1,11.149975429173086,33,0.0,1,0,A,IN,iOS
22B030594_544,2025-01-07,2,26.979771741974957,35,0.47,1,1,B,UK,Android
22B030594_545,2025-01-29,2,4.241302981412819,32,0.0,1,1,A,JP,iOS
22B030594_546,2025-02-11,4,21.064230446189807,13,0.0,0,1,A,IN,iOS
22B030594_547,2025-02-26,5,14.473130736029201,10,0.0,1,1,B,BR,Android
22B030594_548,2025-02-24,3,10.141652521871455,43,0.0,1,0,B,UK,iOS
22B030594_549,2025-01-30,2,23.87142420336734,6,0.0,1,0,A,IN,iOS
22B030594_550,2025-01-28,3,30.86015575964241,24,0.0,1,0,B,JP,Android
22B030594_551,2025-02-11,2,23.906479249799695,21,0.0,1,1,A,BR,iOS
22B030594_552,2025-02-17,1,37.86840376705655,29,2.74,1,0,B,IN,Android
22B030594_553,2025-02-28,2,11.626086365359424,45,0.0,1,0,A,JP,Android
22B030594_554,2025-01-07,1,23.94828435165471,43,0.0,0,0,A,IN,Android
22B030594_555,2025-01-14,2,16.076782001425116,46,0.0,0,0,A,UK,Android
22B030594_556,2025-01-14,3,31.603222999828844,12,0.0,1,0,B,IN,iOS
22B030594_557,2025-02-07,3,28.75592490093871,43,0.0,1,1,A,JP,iOS
22B030594_558,2025-01-03,2,28.686339570080428,21,0.0,0,1,B,BR,Android
22B030594_559,2025-01-17,3,23.08527337304395,5,0.0,0,0,A,US,Android
22B030594_560,2025-01-15,4,22.45169024209687,31,0.23,1,0,A,UK,iOS
22B030594_561,2025-01-31,1,20.64060733922628,5,0.0,1,1,A,IN,iOS
22B030594_562,2025-01-12,5,30.715014442223413,31,0.0,0,0,B,UK,iOS
22B030594_563,2025-01-12,4,14.1538646550753,8,0.0,0,0,A,JP,Android
22B030594_564,2025-02-09,3,23.460158852135713,15,0.0,0,0,B,US,Android
22B030594_565,2025-01-15,4,4.810861237885785,43,0.39,1,1,A,IN,iOS
22B030594_566,2025-02-27,4,33.565394053060224,9,0.0,1,0,A,IN,iOS
22B030594_567,2025-01-31,3,32.82257151181114,26,2.32,1,0,A,UK,Android
22B030594_568,2025-02-05,3,16.469479470208178,39,3.41,1,1,A,US,Android
22B030594_569,2025-02-17,6,15.32094086250539,16,0.0,0,0,B,BR,iOS
22B030594_570,2025-02-03,4,8.618116248083073,5,8.94,0,1,B,US,iOS
22B030594_571,2025-01-03,3,9.926671524600156,31,0.0,1,1,A,JP,Android
22B030594_572,2025-01-30,3,20.815741829126893,37,0.0,1,0,B,BR,Android
22B030594_573,2025-02-07,2,17.6585705045906,12,0.0,1,0,B,BR,Android
22B030594_574,2025-01-23,4,24.956623920294263,32,0.0,0,1,B,JP,Android
22B030594_575,2025-01-27,2,32.14990316462565,36,0.0,0,1,B,UK,iOS
22B030594_576,2025-01-16,5,26.93498850146472,41,0.0,1,0,A,BR,Android
22B030594_577,2025-02-26,3,7.477773636566857,25,0.0,0,1,A,US,Android
22B030594_578,2025-02-02,2,19.96103913410512,5,0.0,1,0,A,UK,Android
22B030594_579,2025-02-15,2,17.547582564697436,42,0.0,1,0,B,IN,Android
22B030594_580,2025-01-18,3,12.145666961187011,43,0.24,1,0,B,BR,iOS
22B030594_581,2025-02-20,3,11.79189562579864,6,0.0,1,0,B,US,iOS
22B030594_582,2025-01-09,3,18.602815918673816,16,0.0,1,0,B,US,iOS
22B030594_583,2025-02-02,0,19.32565212146094,34,0.0,0,0,A,JP,iOS
22B030594_584,2025-02-22,2,20.886643808456924,42,0.0,1,0,B,US,Android
22B030594_585,2025-02-19,2,30.942515475419683,5,0.0,0,0,B,BR,Android
22B030594_586,2025-02-19,4,23.095222856351594,36,2.76,1,1,B,JP,Android
22B030594_587,2025-01-05,4,29.218645087463003,35,0.0,0,0,A,IN,Android
22B030594_588,2025-01-25,2,15.594111653895403,15,0.0,1,1,A,UK,Android
22B030594_589,2025-02-21,0,21.005501237261733,14,2.96,1,0,B,BR,iOS
22B030594_590,2025-01-29,3,15.556027507201788,5,0.0,1,0,A,US,Android
22B030594_591,2025-01-15,1,17.209302267693563,7,0.0,1,1,B,JP,Android
22B030594_592,2025-01-09,4,13.595494330224087,47,3.41,1,0,B,UK,Android
22B030594_593,2025-02-24,4,38.59688135939995,25,0.0,0,1,A,JP,iOS
22B030594_594,2025-02-08,5,22.153054135173342,14,0.0,0,0,B,UK,iOS
22B030594_595,2025-02-02,1,14.964656373209692,20,0.04,1,0,B,BR,Android
22B030594_596,2025-02-14,4,27.61287704249157,14,0.0,0,0,B,IN,iOS
22B030594_597,2025-01-30,3,9.972092765513395,44,0.0,1,0,B,JP,iOS
22B030594_598,2025-02-14,1,27.765785421060478,38,5.16,1,1,A,BR,Android
22B030594_599,2025-02-06,2,18.944276635338706,37,0.0,1,0,B,IN,iOS
22B030594_600,2025-01-04,1,23.663085657686675,10,0.0,1,0,A,US,Android
22B030594_601,2025-01-24,5,21.769209306611824,22,0.0,1,1,A,BR,Android
22B030594_602,2025-01-02,2,17.235266132318248,20,0.0,1,0,A,US,Android
22B030594_603,2025-02-19,1,23.861976438131737,29,0.0,0,1,A,UK,iOS
22B030594_604,2025-02-13,6,10.657506326775438,18,2.91,1,1,A,JP,Android
22B030594_605,2025-01-20,8,27.42433219691688,19,0.0,1,1,B,US,Android
22B030594_606,2025-01-16,3,15.891662458287735,21,0.0,1,0,A,BR,iOS
22B030594_607,2025-01-15,5,17.614146623928196,21,0.0,0,0,A,UK,iOS
22B030594_608,2025-01-29,3,10.403978538695375,33,3.23,1,0,A,UK,iOS
22B030594_609,2025-01-17,8,17.25594117566005,48,0.0,1,1,A,US,iOS
22B030594_610,2025-01-24,0,10.839679402173818,33,0.0,1,1,B,US,iOS
22B030594_611,2025-02-23,2,33.37157042290446,27,0.0,1,1,A,BR,iOS
22B030594_612,2025-01-17,5,10.787534290270495,39,0.0,1,1,A,IN,iOS
22B030594_613,2025-01-04,2,30.48917544340689,47,0.0,1,1,A,BR,iOS
22B030594_614,2025-02-07,2,7.5498196587369275,22,3.48,1,0,B,BR,iOS
22B030594_615,2025-01-21,3,17.32244790248233,28,2.23,1,1,B,IN,Android
22B030594_616,2025-01-18,0,25.721536792561338,32,2.97,1,0,A,IN,Android
22B030594_617,2025-02-18,5,21.81391454825101,44,0.0,1,0,B,JP,Android
22B030594_618,2025-02-17,0,27.821372438392064,49,0.0,0,1,A,IN,Android
22B030594_619,2025-02-14,1,26.308823444481707,48,0.0,1,0,A,IN,iOS
22B030594_620,2025-02-06,1,25.676258854945,35,0.0,0,0,B,BR,iOS
22B030594_621,2025-01-16,5,10.574855783039,18,0.27,1,0,A,US,iOS
22B030594_622,2025-01-21,4,25.276662010898896,5,0.0,0,1,B,IN,iOS
22B030594_623,2025-01-07,3,19.87465523949129,40,1.61,1,0,B,BR,Android
22B030594_624,2025-02-10,5,16.575729557514858,30,0.0,1,0,A,BR,iOS
22B030594_625,2025-02-02,3,24.120727996738125,46,1.59,1,1,B,US,iOS
22B030594_626,2025-01-18,4,13.114373388792307,42,0.0,1,0,B,IN,Android
22B030594_627,2025-01-08,1,24.880844782028937,31,0.0,1,1,A,BR,Android
22B030594_628,2025-02-19,7,43.10044515006885,19,0.0,0,1,B,JP,Android
22B030594_629,2025-01-03,3,12.803948890851657,37,0.0,0,1,A,UK,Android
22B030594_630,2025-02-21,5,26.11062621455513,9,0.0,1,1,B,UK,Android
22B030594_631,2025-01-07,6,24.273023284242996,45,0.0,1,0,A,UK,Android
22B030594_632,2025-01-23,7,30.34126565908437,36,0.0,0,0,B,IN,Android
22B030594_633,2025-02-02,1,11.744412647977391,13,0.03,1,0,A,BR,iOS
22B030594_634,2025-01-23,4,24.157630978591133,18,0.0,1,1,B,BR,Android
22B030594_635,2025-02-14,2,28.300556753437544,39,0.0,0,0,B,BR,Android
22B030594_636,2025-02-14,3,20.98219364969891,19,0.0,1,1,A,US,Android
22B030594_637,2025-02-10,1,19.595782642319072,46,0.37,1,1,B,IN,Android
22B030594_638,2025-01-24,3,29.592274948291163,27,0.0,0,1,B,BR,iOS
22B030594_639,2025-01-03,4,22.695615936114066,27,1.66,1,0,B,BR,iOS
22B030594_640,2025-02-09,5,34.35585986097387,27,0.0,1,1,A,US,Android
22B030594_641,2025-01-31,2,15.201078465764017,42,0.0,0,1,B,BR,Android
22B030594_642,2025-02-13,6,20.143654829883523,49,0.0,1,0,B,IN,Android
22B030594_643,2025-01-10,3,11.882108562318408,36,0.0,1,1,B,IN,Android
22B030594_644,2025-02-03,2,28.849629145422135,35,0.03,0,0,B,JP,iOS
22B030594_645,2025-01-13,6,20.275026133022266,15,1.18,0,0,A,IN,iOS
22B030594_646,2025-01-03,2,25.61151835876517,34,0.0,1,1,B,US,iOS
22B030594_647,2025-01-10,3,23.508261719907026,24,0.0,0,0,B,UK,iOS
22B030594_648,2025-02-22,5,9.505168182464521,9,0.0,0,0,A,US,iOS
22B030594_649,2025-02-20,2,20.119230105442586,42,0.0,1,1,B,IN,Android
22B030594_650,2025-02-04,1,25.763773398511038,5,0.0,0,1,A,BR,Android
22B030594_651,2025-01-02,2,29.584646302204735,10,0.0,1,0,B,US,Android
22B030594_652,2025-01-26,3,18.100243234921816,15,1.06,1,0,A,UK,iOS
22B030594_653,2025-01-15,10,12.338861359323381,46,0.0,1,0,A,US,iOS
22B030594_654,2025-01-11,2,18.43507509664464,9,0.0,1,1,A,JP,iOS
22B030594_655,2025-01-26,2,17.591846101969022,27,0.0,1,1,B,BR,Android
22B030594_656,2025-02-09,2,15.939635422168818,7,0.0,1,1,B,US,Android
22B030594_657,2025-03-01,3,26.30819140814266,19,0.0,1,1,B,UK,iOS
22B030594_658,2025-02-03,3,22.562278157887448,9,0.0,1,1,B,IN,iOS
22B030594_659,2025-01-12,5,6.659962207922289,7,0.0,0,0,A,JP,iOS
22B030594_660,2025-01-13,0,25.335716090776994,8,0.0,0,0,B,IN,Android
22B030594_661,2025-01-31,1,27.94105728516955,21,0.48,1,0,B,IN,iOS
22B030594_662,2025-01-02,1,15.173958506713543,31,0.0,1,0,B,IN,Android
22B030594_663,2025-01-21,4,15.776324034430985,22,0.0,0,0,A,JP,iOS
22B030594_664,2025-01-19,6,12.183869462563305,28,0.0,1,0,A,BR,iOS
22B030594_665,2025-01-10,4,34.43833002767994,9,4.16,0,0,B,BR,iOS
22B030594_666,2025-02-19,4,29.15984509486134,9,0.0,1,1,A,US,iOS
22B030594_667,2025-02-15,1,22.790992848415716,24,2.65,0,1,A,IN,iOS
22B030594_668,2025-01-15,6,15.57921158561674,27,0.0,0,0,B,JP,iOS
22B030594_669,2025-02-23,1,13.999559372365464,34,0.0,1,0,A,US,iOS
22B030594_670,2025-01-23,6,22.328699669273583,14,0.0,0,0,A,BR,Android
22B030594_671,2025-01-04,2,13.64009227236006,29,0.0,1,1,A,IN,iOS
22B030594_672,2025-01-27,2,32.101436606789115,33,0.0,1,0,A,IN,Android
22B030594_673,2025-01-24,5,21.565874434421392,18,2.87,0,0,A,BR,Android
22B030594_674,2025-02-20,1,13.280648577227383,39,0.0,0,0,B,JP,Android
22B030594_675,2025-01-29,1,14.42591688771477,36,0.0,1,0,A,UK,iOS
22B030594_676,2025-02-16,1,22.438191446836992,10,0.66,1,1,A,BR,iOS
22B030594_677,2025-02-13,1,10.936868182988839,48,0.36,1,0,A,BR,iOS
22B030594_678,2025-01-23,2,9.609124046718788,21,0.0,1,0,B,US,iOS
22B030594_679,2025-02-11,1,18.973478983317268,42,0.0,1,0,A,UK,iOS
22B030594_680,2025-02-03,5,10.352635641115388,40,0.0,1,1,B,JP,iOS
22B030594_681,2025-02-25,0,15.90863790408469,14,0.0,0,0,B,IN,iOS
22B030594_682,2025-01-08,4,20.45163123337556,38,0.0,1,1,B,US,Android
22B030594_683,2025-02-26,4,34.04195392128729,26,0.0,1,0,B,US,iOS
22B030594_684,2025-01-18,4,22.698646621584135,25,0.0,1,0,A,IN,Android
22B030594_685,2025-01-12,1,22.372815164491264,6,0.0,1,1,B,UK,iOS
22B030594_686,2025-01-13,7,11.421267343159641,37,0.31,0,0,A,UK,Android
22B030594_687,2025-01-27,10,7.030691099921796,19,0.0,1,1,B,US,Android
22B030594_688,2025-01-27,3,21.782532260137035,28,0.0,1,0,B,US,Android
22B030594_689,2025-02-22,4,15.390331737608676,30,0.48,1,1,A,UK,iOS
22B030594_690,2025-02-01,0,33.49656622551445,42,2.17,1,0,B,UK,Android
22B030594_691,2025-02-07,4,10.594756210642027,41,0.0,0,0,A,JP,Android
22B030594_692,2025-01-19,2,31.684832000856225,18,0.0,1,0,B,UK,iOS
22B030594_693,2025-01-12,3,29.41541214426849,22,0.05,0,0,B,US,Android
22B030594_694,2025-01-03,1,20.86057424517488,40,0.0,1,1,A,BR,iOS
22B030594_695,2025-01-04,7,21.37923996710847,15,0.0,0,1,A,JP,iOS
22B030594_696,2025-02-03,5,9.116046114419976,7,0.0,1,0,B,UK,iOS
22B030594_697,2025-01-23,4,25.247712982485172,24,2.08,1,0,B,JP,Android
22B030594_698,2025-01-12,6,4.687179069573421,34,0.0,1,0,A,IN,iOS
22B030594_699,2025-01-20,2,11.01456279839319,5,0.0,0,0,A,BR,Android
22B030594_700,2025-01-14,2,19.164414182090294,8,0.0,1,0,B,JP,Android
22B030594_701,2025-01-17,1,14.826725701097603,7,0.0,1,0,A,JP,iOS
22B030594_702,2025-02-07,4,23.446395132014707,6,0.0,1,0,B,IN,iOS
22B030594_703,2025-01-09,1,25.550245495285633,44,2.36,1,0,B,BR,Android
22B030594_704,2025-02-10,1,38.316118119985774,31,0.0,1,0,A,IN,iOS
22B030594_705,2025-01-23,3,22.773410320724885,29,0.0,0,0,B,UK,Android
22B030594_706,2025-02-24,7,10.82885519635081,48,0.0,0,0,B,IN,Android
22B030594_707,2025-01-01,2,30.86317782178063,5,0.0,0,0,A,UK,iOS
22B030594_708,2025-02-23,1,18.151340214416262,30,0.0,1,0,B,UK,Android
22B030594_709,2025-02-17,3,13.782787109497272,7,0.0,0,0,B,IN,iOS
22B030594_710,2025-01-25,0,19.63056237040075,33,0.43,1,1,A,BR,iOS
22B030594_711,2025-01-08,4,25.884873812561523,37,0.0,0,1,A,JP,Android
22B030594_712,2025-02-28,4,6.558582566594676,6,0.57,0,0,B,US,Android
22B030594_713,2025-01-17,2,19.005935182425432,23,0.0,1,0,B,IN,iOS
22B030594_714,2025-01-31,1,33.184341203141685,9,0.0,1,1,B,BR,Android
22B030594_715,2025-01-28,2,24.714141661002003,6,2.19,1,0,A,IN,Android
22B030594_716,2025-02-17,2,20.142225355037603,27,0.39,1,0,A,JP,Android
22B030594_717,2025-02-18,7,20.034984878742886,22,1.18,1,0,B,JP,Android
22B030594_718,2025-02-08,3,29.717469179741173,47,0.0,1,1,A,US,Android
22B030594_719,2025-02-08,1,10.239790288157051,41,0.0,1,1,B,BR,Android
22B030594_720,2025-02-06,3,16.248304074285308,34,0.1,1,1,A,IN,iOS
22B030594_721,2025-02-15,5,26.703153273775648,21,0.0,1,0,B,US,Android
22B030594_722,2025-01-18,1,22.833023725104674,38,0.0,1,0,B,IN,iOS
22B030594_723,2025-01-13,6,37.05210923655749,40,1.23,1,1,A,BR,Android
22B030594_724,2025-02-02,4,17.298113912633895,33,0.0,0,0,A,UK,Android
22B030594_725,2025-01-12,5,24.059596073031962,42,0.0,1,1,B,IN,Android
22B030594_726,2025-02-02,7,41.50665923342452,33,0.12,1,0,A,IN,iOS
22B030594_727,2025-01-01,4,23.92483209469045,49,0.0,1,1,B,JP,iOS
22B030594_728,2025-01-10,4,20.625136192656452,12,3.97,1,0,A,US,iOS
22B030594_729,2025-01-01,5,20.838052778421346,46,0.0,1,1,B,UK,Android
22B030594_730,2025-01-15,5,31.19231302478017,40,0.0,0,0,B,IN,iOS
22B030594_731,2025-01-19,7,13.695253600035066,7,6.16,1,1,A,BR,iOS
22B030594_732,2025-02-02,4,19.935498364156384,11,0.0,1,0,B,IN,iOS
22B030594_733,2025-01-11,5,22.62571514517678,6,0.0,1,0,A,BR,iOS
22B030594_734,2025-01-07,3,26.60116642464381,6,1.07,0,1,B,US,iOS
22B030594_735,2025-01-14,4,20.954467823680726,38,2.14,1,0,B,US,Android
22B030594_736,2025-02-11,3,25.611372453648606,6,0.0,1,0,B,IN,Android
22B030594_737,2025-01-13,3,27.905565612208285,39,0.1,0,1,B,IN,iOS
22B030594_738,2025-02-01,3,25.00490611362548,7,0.0,0,0,A,US,Android
22B030594_739,2025-02-01,2,18.65473362429464,25,1.67,1,1,B,UK,Android
22B030594_740,2025-01-09,2,19.26150984275828,13,0.0,0,1,A,JP,iOS
22B030594_741,2025-01-27,1,22.77357234578568,39,2.05,1,0,B,IN,iOS
22B030594_742,2025-02-19,2,13.568539864415783,31,2.57,0,1,B,JP,iOS
22B030594_743,2025-02-28,4,31.185070670653793,5,0.0,1,0,A,JP,Android
22B030594_744,2025-01-14,6,23.90651553397488,49,0.0,0,0,B,JP,iOS
22B030594_745,2025-02-24,2,9.458691848101141,16,0.0,1,0,A,IN,Android
22B030594_746,2025-01-26,5,22.197980220489477,48,0.0,1,0,B,US,Android
22B030594_747,2025-02-15,1,27.98881447826761,24,0.0,1,1,B,UK,Android
22B030594_748,2025-01-10,3,19.209830180293913,20,0.0,0,0,A,IN,iOS
22B030594_749,2025-02-18,6,16.895121332280922,23,0.0,0,1,A,UK,iOS
22B030594_750,2025-01-06,7,18.25183352022867,8,2.44,0,0,B,JP,iOS
22B030594_751,2025-02-23,3,0.03813714126613732,25,0.0,1,0,B,UK,Android
22B030594_752,2025-01-13,0,25.94490547332603,45,0.0,1,1,B,IN,iOS
22B030594_753,2025-01-18,4,10.392343692437064,25,0.0,1,0,B,IN,iOS
22B030594_754,2025-02-06,5,25.493013871403868,35,0.0,1,1,B,JP,iOS
22B030594_755,2025-02-08,5,21.386501952990137,41,0.0,1,0,A,JP,iOS
22B030594_756,2025-01-09,2,26.03330302452971,40,5.76,1,1,A,BR,Android
22B030594_757,2025-01-05,2,14.946176026735504,7,0.2,1,0,B,IN,iOS
22B030594_758,2025-02-16,2,24.28715987536758,7,0.0,1,0,A,UK,Android
22B030594_759,2025-02-01,1,3.41830386590264,32,0.0,1,1,B,US,Android
22B030594_760,2025-01-23,3,30.559570626929123,43,0.0,1,1,B,US,Android
22B030594_761,2025-01-24,6,17.638265718713384,47,0.0,1,0,A,IN,Android
22B030594_762,2025-01-18,1,16.103460091769186,21,0.0,0,0,A,US,iOS
22B030594_763,2025-01-20,3,19.55498576117494,29,0.0,1,0,B,IN,iOS
22B030594_764,2025-01-29,3,45.72112942739015,19,0.85,0,0,B,US,Android
22B030594_765,2025-02-20,3,7.04109541176221,13,0.0,1,0,A,IN,Android
22B030594_766,2025-02-26,1,15.444937905354093,29,0.0,1,0,A,IN,Android
22B030594_767,2025-02-25,1,12.191601069805152,25,3.22,0,0,A,IN,iOS
22B030594_768,2025-02-01,2,18.383003935589233,6,0.0,1,0,B,US,iOS
22B030594_769,2025-02-04,4,15.496753896553319,9,0.35,0,0,A,JP,iOS
22B030594_770,2025-02-26,2,4.31936783583531,41,1.24,1,0,B,BR,iOS
22B030594_771,2025-03-01,4,24.58956176113599,33,0.0,0,1,B,US,Android
22B030594_772,2025-01-06,4,29.619228939080212,22,0.0,1,1,B,US,Android
22B030594_773,2025-02-17,5,13.363681537389436,32,0.0,1,1,B,IN,iOS
22B030594_774,2025-01-27,0,21.36192631817168,21,0.0,1,1,B,US,Android
22B030594_775,2025-02-16,2,22.823625957627637,35,0.0,1,1,B,IN,Android
22B030594_776,2025-02-24,1,26.456226339563077,9,1.41,1,0,B,UK,iOS
22B030594_777,2025-02-17,1,10.475709493393834,10,0.0,0,1,B,JP,Android
22B030594_778,2025-02-22,2,21.326141929059236,14,0.0,1,0,A,UK,Android
22B030594_779,2025-01-15,3,12.412266122790342,37,0.0,0,0,B,JP,iOS
22B030594_780,2025-01-06,3,18.389781935189355,38,0.0,1,1,B,UK,iOS
22B030594_781,2025-01-07,3,16.23299537540778,32,0.0,1,0,B,US,Android
22B030594_782,2025-02-15,6,20.3320602102926,41,0.0,1,0,B,UK,iOS
22B030594_783,2025-02-11,3,8.33794795800746,28,0.45,0,1,B,BR,iOS
22B030594_784,2025-01-05,2,31.20281080283609,44,0.0,0,1,A,US,Android
22B030594_785,2025-01-17,3,12.533335307887825,35,0.0,0,0,B,US,iOS
22B030594_786,2025-01-22,3,28.817270100844162,10,0.0,1,1,A,US,Android
22B030594_787,2025-02-18,6,19.97872882974706,20,0.0,1,1,A,UK,iOS
22B030594_788,2025-01-22,2,22.42252460669108,35,0.45,1,0,B,UK,Android
22B030594_789,2025-02-18,1,27.44507258507543,12,5.77,0,0,A,UK,iOS
22B030594_790,2025-01-25,4,30.64279552621575,10,1.75,0,0,B,JP,Android
22B030594_791,2025-01-30,3,13.933932138502044,16,0.0,1,0,B,IN,Android
22B030594_792,2025-02-17,2,27.363941755781884,42,0.0,0,1,A,IN,iOS
22B030594_793,2025-02-20,2,27.72393802118452,27,0.0,1,0,B,BR,Android
22B030594_794,2025-02-18,6,6.626488031316091,16,0.0,1,0,A,IN,Android
22B030594_795,2025-01-14,1,3.9515873788341622,39,0.0,0,0,A,JP,iOS
22B030594_796,2025-02-08,4,14.11418152188905,8,0.0,1,1,A,UK,Android
22B030594_797,2025-02-24,0,12.625903318712997,9,0.16,1,1,A,US,Android
22B030594_798,2025-02-18,4,18.22018757021862,45,0.0,1,0,A,IN,iOS
22B030594_799,2025-02-23,2,10.120827193566988,15,0.0,0,0,A,JP,iOS
22B030594_800,2025-02-20,6,11.631733270216765,46,1.3,1,0,B,JP,Android
22B030594_801,2025-01-16,2,13.56853221647599,35,0.0,1,1,A,US,iOS
22B030594_802,2025-01-14,3,26.480700908926615,16,3.39,0,0,A,BR,Android
22B030594_803,2025-01-15,3,5.535662266445369,41,2.02,1,1,B,JP,iOS
22B030594_804,2025-02-05,1,26.700023492579334,18,0.0,1,0,A,IN,iOS
22B030594_805,2025-02-25,2,28.374748237248163,37,0.0,1,0,A,UK,Android
22B030594_806,2025-01-02,3,24.923357686399097,48,0.0,0,0,A,IN,Android
22B030594_807,2025-02-03,1,26.319016031374154,23,0.0,1,0,B,UK,iOS
22B030594_808,2025-02-08,0,10.06366773764261,13,0.0,0,0,A,JP,iOS
22B030594_809,2025-01-28,4,18.426758015862855,18,0.73,1,1,A,UK,Android
22B030594_810,2025-02-28,4,22.842812443058115,11,0.0,0,1,A,IN,iOS
22B030594_811,2025-01-02,4,20.139688767347828,34,0.0,1,0,B,IN,Android
22B030594_812,2025-02-08,3,11.657080762386514,37,0.13,0,1,A,UK,iOS
22B030594_813,2025-02-24,2,18.23337930392593,40,0.0,1,0,B,UK,iOS
22B030594_814,2025-01-13,0,26.67347346118678,17,5.14,1,0,A,UK,Android
22B030594_815,2025-02-21,7,11.775133797357972,49,2.64,1,0,B,UK,Android
22B030594_816,2025-01-08,2,22.187590555412378,20,0.0,1,0,A,US,Android
22B030594_817,2025-02-25,2,34.934491602418724,30,1.01,1,0,B,IN,iOS
22B030594_818,2025-01-14,0,22.371804116978677,9,0.0,1,1,B,US,Android
22B030594_819,2025-02-28,1,16.892035856274465,49,0.82,1,0,B,JP,iOS
22B030594_820,2025-01-11,2,19.481704353140366,33,0.0,1,1,B,UK,Android
22B030594_821,2025-01-12,2,8.814720244596732,11,0.0,1,0,A,US,Android
22B030594_822,2025-01-07,8,38.45848729602501,14,0.2,0,0,B,UK,Android
22B030594_823,2025-01-07,2,13.461128469192309,18,5.32,0,0,A,UK,iOS
22B030594_824,2025-01-28,2,26.111646516221597,12,0.0,1,0,B,IN,iOS
22B030594_825,2025-02-08,2,17.975049900483274,22,2.14,0,0,B,US,iOS
22B030594_826,2025-02-05,3,20.04747439679353,43,0.0,1,0,B,UK,Android
22B030594_827,2025-02-03,4,28.699748735346137,22,0.0,1,0,B,US,Android
22B030594_828,2025-01-24,4,29.386102867210177,34,0.0,1,1,B,IN,Android
22B030594_829,2025-02-26,2,25.78012633023663,37,0.51,1,1,A,US,iOS
22B030594_830,2025-02-12,4,13.316278765848729,5,0.66,0,0,A,IN,Android
22B030594_831,2025-02-07,4,23.219772371634853,5,0.0,1,0,B,BR,iOS
22B030594_832,2025-01-19,5,16.365752896018225,18,0.0,1,0,A,IN,Android
22B030594_833,2025-02-09,2,27.734513124102122,11,0.0,1,0,B,IN,iOS
22B030594_834,2025-01-02,3,25.98023191420131,44,0.0,1,1,A,US,Android
22B030594_835,2025-01-31,4,21.316439430939706,28,0.0,0,0,A,BR,Android
22B030594_836,2025-01-23,4,34.56957896484332,43,0.0,1,1,A,IN,iOS
22B030594_837,2025-02-16,3,15.950417265154975,44,0.0,0,1,B,US,Android
22B030594_838,2025-02-10,0,13.324589379697109,7,0.0,1,1,B,UK,Android
22B030594_839,2025-02-11,3,17.240619943558997,31,0.0,1,0,B,US,Android
22B030594_840,2025-01-02,2,16.860369710810495,9,0.0,1,0,B,BR,iOS
22B030594_841,2025-01-22,5,8.871564706000104,38,0.0,0,0,A,US,Android
22B030594_842,2025-02-08,4,37.17178489243331,5,2.44,1,0,A,JP,iOS
22B030594_843,2025-01-27,1,23.38048324059681,29,2.13,0,1,B,JP,Android
22B030594_844,2025-02-02,5,37.52951293523953,37,0.0,1,1,A,US,Android
22B030594_845,2025-01-13,2,9.163015588205363,39,0.0,0,0,A,JP,Android
22B030594_846,2025-01-28,5,13.49466998324203,45,0.0,1,0,A,JP,iOS
22B030594_847,2025-01-21,3,20.368337145097097,30,0.0,0,1,A,UK,Android
22B030594_848,2025-02-27,2,29.085281980649484,18,1.17,1,0,A,UK,Android
22B030594_849,2025-01-16,3,36.53286734703846,37,0.0,1,0,B,UK,Android
22B030594_850,2025-01-01,4,16.379090605442617,37,0.0,1,1,A,US,Android
22B030594_851,2025-01-23,1,23.959845923514813,41,0.9,1,1,A,US,iOS
22B030594_852,2025-01-26,3,10.325037485481227,24,0.0,0,0,A,BR,iOS
22B030594_853,2025-02-14,1,24.685460895803438,7,0.0,0,1,A,IN,Android
22B030594_854,2025-02-14,3,21.64959751823379,7,0.0,0,1,A,IN,iOS
22B030594_855,2025-01-28,3,20.120291329883873,39,0.0,0,0,B,BR,Android
22B030594_856,2025-02-04,4,0.7131559613123848,26,0.0,1,0,A,JP,iOS
22B030594_857,2025-01-14,6,29.5147127535816,33,0.0,0,0,A,IN,iOS
22B030594_858,2025-01-22,1,16.81512929727074,22,2.74,0,1,A,IN,Android
22B030594_859,2025-02-17,7,23.404765413809994,49,3.47,0,0,B,UK,Android
22B030594_860,2025-01-25,2,16.229192391714896,15,0.0,1,1,B,UK,iOS
22B030594_861,2025-01-25,7,29.50859702438606,43,0.61,1,0,A,US,iOS
22B030594_862,2025-01-08,2,15.627480671637127,35,0.0,1,0,A,IN,Android
22B030594_863,2025-02-22,1,8.215646230168893,16,0.0,0,1,A,IN,Android
22B030594_864,2025-01-26,1,16.401396281479776,25,0.0,1,1,A,UK,iOS
22B030594_865,2025-01-16,1,9.62528039930391,7,0.0,1,1,B,US,iOS
22B030594_866,2025-01-03,3,33.2378555681922,19,0.0,0,1,B,IN,Android
22B030594_867,2025-02-19,5,24.150868297557906,10,0.95,1,1,B,BR,iOS
22B030594_868,2025-01-07,4,31.147448823661087,13,0.0,1,1,B,UK,iOS
22B030594_869,2025-02-20,3,21.322588503135577,5,0.0,0,1,B,JP,Android
22B030594_870,2025-01-15,1,23.686095789324142,7,0.0,1,0,B,UK,iOS
22B030594_871,2025-02-09,6,29.12687673858244,18,0.0,1,0,A,IN,iOS
22B030594_872,2025-01-20,3,23.10057339668863,14,0.0,1,1,B,IN,Android
22B030594_873,2025-02-18,0,6.521266349312231,34,0.0,0,0,A,US,Android
22B030594_874,2025-01-24,2,10.145341392618787,18,0.0,1,0,A,JP,Android
22B030594_875,2025-02-24,1,13.53152363177638,25,1.43,1,1,B,US,Android
22B030594_876,2025-01-26,3,34.12832042300066,23,0.0,1,1,B,US,iOS
22B030594_877,2025-01-06,3,19.765166412189025,23,2.73,1,0,A,UK,iOS
22B030594_878,2025-01-23,1,29.918319322220643,45,0.0,1,1,A,BR,Android
22B030594_879,2025-02-04,5,11.752267591386172,11,0.0,1,0,A,UK,iOS
22B030594_880,2025-02-12,6,16.817873663338077,14,0.0,0,0,A,US,iOS
22B030594_881,2025-01-27,3,21.57614717573192,40,0.96,1,0,A,JP,Android
22B030594_882,2025-01-04,0,26.043028621754768,46,0.0,1,1,B,BR,Android
22B030594_883,2025-01-18,4,10.349442200385406,42,2.79,1,1,B,UK,Android
22B030594_884,2025-01-12,1,8.730403003234187,34,0.0,0,0,A,UK,Android
22B030594_885,2025-02-17,6,22.952449690294195,44,2.16,1,1,A,JP,Android
22B030594_886,2025-02-09,5,11.665562413822634,12,0.0,0,1,A,UK,iOS
22B030594_887,2025-01-25,1,7.5359433108226845,27,1.91,0,0,A,US,iOS
22B030594_888,2025-02-01,2,34.98288320768268,42,0.0,1,0,B,UK,iOS
22B030594_889,2025-01-16,3,20.14840368370532,29,0.0,0,1,B,BR,iOS
22B030594_890,2025-02-15,4,11.740607313257723,21,0.0,1,0,A,US,iOS
22B030594_891,2025-01-10,4,2.389517541244082,36,0.0,1,0,A,IN,Android
22B030594_892,2025-02-28,3,14.170045755596101,21,0.0,0,1,A,UK,Android
22B030594_893,2025-02-07,5,27.354746032933352,24,0.0,0,0,B,JP,Android
22B030594_894,2025-01-28,2,19.055208815370335,35,0.0,1,0,A,UK,Android
22B030594_895,2025-02-09,5,9.786997819045839,44,0.0,1,0,A,UK,iOS
22B030594_896,2025-01-05,4,12.876294747210157,41,5.11,1,0,A,JP,iOS
22B030594_897,2025-01-06,1,11.034310943789402,46,0.0,0,1,A,US,Android
22B030594_898,2025-02-05,4,16.69606727363109,15,0.0,0,1,A,JP,iOS
22B030594_899,2025-02-05,2,15.344623580324217,36,0.0,0,1,A,US,Android
22B030594_900,2025-02-20,3,3.0869671204122007,31,0.56,1,1,A,BR,iOS
22B030594_901,2025-02-15,2,21.948153169894827,5,0.0,1,0,A,JP,Android
22B030594_902,2025-02-11,2,13.130959811224091,34,0.0,0,1,A,JP,Android
22B030594_903,2025-02-09,3,14.883505784118686,40,0.0,0,1,B,US,Android
22B030594_904,2025-01-06,4,35.54420159269148,23,0.0,0,1,B,BR,Android
22B030594_905,2025-01-15,2,12.04669727433047,45,0.0,0,0,A,US,iOS
22B030594_906,2025-02-22,4,25.69208561812908,27,0.0,0,0,B,UK,Android
22B030594_907,2025-02-22,5,9.486781847557024,9,0.0,1,0,B,US,iOS
22B030594_908,2025-01-24,3,25.271312012408067,38,0.0,1,1,B,JP,iOS
22B030594_909,2025-02-19,4,14.151177296816964,37,0.0,1,0,A,BR,Android
22B030594_910,2025-02-12,4,13.790672751353508,49,0.0,1,0,A,UK,Android
22B030594_911,2025-01-06,6,18.049581950693266,40,0.11,1,0,B,IN,iOS
22B030594_912,2025-01-27,2,16.703617355212444,5,0.0,0,0,A,US,iOS
22B030594_913,2025-01-18,1,10.630341982059614,34,0.0,1,1,B,UK,Android
22B030594_914,2025-02-04,0,16.45328911521672,45,0.0,1,1,A,JP,iOS
22B030594_915,2025-01-11,1,27.857889392809206,32,0.0,1,0,A,UK,Android
22B030594_916,2025-01-22,5,27.432956504292733,25,0.0,1,0,A,JP,iOS
22B030594_917,2025-01-29,5,32.94919774492123,28,0.0,0,0,A,US,Android
22B030594_918,2025-02-05,3,26.00102673291508,17,0.42,0,0,A,JP,Android
22B030594_919,2025-01-18,2,15.883275805615956,28,2.61,1,1,B,US,Android
22B030594_920,2025-01-04,5,21.72750685963731,49,2.0,0,0,A,IN,Android
22B030594_921,2025-01-23,2,31.87589952335918,26,0.0,1,0,B,US,iOS
22B030594_922,2025-01-13,4,28.88501172196959,22,0.0,0,0,A,BR,Android
22B030594_923,2025-01-30,2,31.277758060168967,37,0.0,1,0,B,JP,iOS
22B030594_924,2025-01-15,4,13.59413272290341,36,0.0,1,0,A,UK,Android
22B030594_925,2025-02-23,1,16.065069284972456,19,0.0,1,1,B,UK,iOS
22B030594_926,2025-01-12,2,10.131944702300366,10,0.0,1,0,B,IN,iOS
22B030594_927,2025-01-08,6,12.652558116226995,15,0.0,1,0,A,UK,Android
22B030594_928,2025-01-05,3,10.476701085122647,38,0.94,0,0,A,UK,iOS
22B030594_929,2025-01-08,0,19.604314208129573,36,0.82,1,0,A,IN,Android
22B030594_930,2025-02-19,2,20.808508541769786,23,0.0,0,1,A,UK,Android
22B030594_931,2025-01-10,5,22.24975410824842,24,0.0,1,1,A,US,Android
22B030594_932,2025-01-25,0,19.361708978565122,46,1.68,0,0,B,BR,iOS
22B030594_933,2025-01-20,2,7.617543862862167,31,0.0,1,0,A,BR,iOS
22B030594_934,2025-01-10,2,5.177701627861968,35,0.0,1,1,A,UK,Android
22B030594_935,2025-02-25,1,19.24096596974451,37,0.36,0,0,A,US,Android
22B030594_936,2025-01-30,0,3.7991728309087733,45,0.51,1,1,B,IN,Android
22B030594_937,2025-01-18,2,22.701309466539286,42,0.0,1,1,A,IN,iOS
22B030594_938,2025-01-17,5,12.57404315435445,6,0.0,1,0,B,UK,iOS
22B030594_939,2025-02-13,4,26.842249068301626,19,0.0,1,0,B,JP,iOS
22B030594_940,2025-02-22,7,23.06244535289361,49,0.28,1,1,A,UK,iOS
22B030594_941,2025-01-10,4,29.75431275857305,30,0.0,0,0,B,UK,Android
22B030594_942,2025-02-28,5,25.308225865679123,30,0.0,0,1,A,BR,Android
22B030594_943,2025-01-16,4,13.535695886616182,30,1.55,0,1,B,US,iOS
22B030594_944,2025-02-23,2,12.185222577640808,20,0.0,1,1,B,UK,iOS
22B030594_945,2025-01-04,0,26.882716407590436,20,0.0,0,1,B,UK,iOS
22B030594_946,2025-02-07,3,19.520102971662418,20,0.68,1,1,B,BR,iOS
22B030594_947,2025-02-06,1,22.231334860463836,18,0.0,1,0,A,US,Android
22B030594_948,2025-02-13,3,19.10898748874377,11,0.0,1,0,A,BR,iOS
22B030594_949,2025-02-26,1,20.752955343506972,20,0.0,0,0,A,IN,Android
22B030594_950,2025-02-22,2,28.15496609705454,47,0.0,1,1,B,JP,Android
22B030594_951,2025-02-03,4,22.869324960902436,16,0.0,1,1,B,US,Android
22B030594_952,2025-01-30,3,23.90817785018316,46,0.0,0,0,A,BR,Android
22B030594_953,2025-02-25,0,15.493043787397422,10,2.21,1,1,A,UK,iOS
22B030594_954,2025-01-26,2,17.179864663000547,10,0.0,1,0,B,BR,iOS
22B030594_955,2025-01-04,4,18.938079478881583,45,0.0,1,0,A,US,iOS
22B030594_956,2025-01-13,6,21.326715154435256,10,1.0,1,1,A,UK,iOS
22B030594_957,2025-02-28,0,9.88079445370754,21,0.0,1,1,A,IN,iOS
22B030594_958,2025-02-19,5,7.3489280359064875,8,0.0,1,0,A,US,iOS
22B030594_959,2025-02-01,3,11.08573566915205,40,0.0,1,1,A,UK,Android
22B030594_960,2025-01-09,4,28.37745695451139,45,0.0,1,0,A,IN,iOS
22B030594_961,2025-01-09,2,6.748224837488925,26,0.95,1,0,B,US,iOS
22B030594_962,2025-02-20,2,14.340837077136634,9,1.26,1,1,B,US,Android
22B030594_963,2025-02-28,2,30.819965446884318,49,0.0,1,0,B,US,iOS
22B030594_964,2025-02-22,6,30.387910106197804,41,0.0,1,0,B,IN,Android
22B030594_965,2025-02-21,2,20.11489895085347,34,0.0,1,0,A,BR,iOS
22B030594_966,2025-01-20,4,28.212603179009243,9,0.92,1,1,B,IN,Android
22B030594_967,2025-01-21,4,3.2610350195596745,45,0.0,1,1,A,US,iOS
22B030594_968,2025-02-16,3,22.007354835638893,20,0.0,1,0,B,UK,iOS
22B030594_969,2025-01-29,2,14.736021727895674,45,0.0,1,0,B,BR,Android
22B030594_970,2025-01-06,4,4.899693021654121,6,0.0,0,0,B,US,Android
22B030594_971,2025-03-01,4,28.408375562454673,10,0.0,1,0,A,UK,iOS
22B030594_972,2025-01-17,3,5.759207025631676,23,1.45,0,0,A,BR,Android
22B030594_973,2025-01-22,1,22.81973067035667,37,5.7,1,1,B,JP,Android
22B030594_974,2025-02-16,1,17.88370764270936,26,0.0,1,0,A,US,Android
22B030594_975,2025-01-21,3,19.550146158571685,15,0.0,1,0,A,IN,iOS
22B030594_976,2025-02-07,7,40.686427454573064,40,0.0,1,0,B,JP,Android
22B030594_977,2025-01-08,2,15.838924685341627,49,0.0,1,1,B,BR,Android
22B030594_978,2025-01-09,1,10.885874670143776,42,0.0,1,1,B,BR,iOS
22B030594_979,2025-02-06,3,15.879229242326371,39,0.0,0,0,B,JP,iOS
22B030594_980,2025-02-01,2,25.096049085425076,26,0.0,1,1,A,IN,Android
22B030594_981,2025-01-10,7,17.322297228966704,47,0.0,1,1,A,BR,Android
22B030594_982,2025-01-24,4,23.76836319723876,8,3.91,1,1,B,JP,Android
22B030594_983,2025-02-26,9,16.511139821487998,27,0.0,1,0,B,IN,iOS
22B030594_984,2025-01-16,3,21.117772516757604,16,0.0,0,1,A,JP,Android
22B030594_985,2025-02-08,3,16.698239209553584,19,0.26,1,0,A,IN,Android
22B030594_986,2025-01-30,4,16.775712981246812,10,0.0,0,1,B,US,Android
22B030594_987,2025-02-22,1,17.44065289192227,23,1.3,0,1,A,JP,Android
22B030594_988,2025-02-05,1,21.223630151881764,43,0.0,0,0,A,US,Android
22B030594_989,2025-01-19,1,24.99698227166353,25,0.0,1,0,B,BR,Android
22B030594_990,2025-02-27,1,9.121978629679997,17,0.0,1,0,B,US,Android
22B030594_991,2025-02-12,2,19.510996313738705,28,0.0,1,0,B,UK,Android
22B030594_992,2025-01-06,1,15.19829499533079,9,0.0,1,1,A,IN,iOS
22B030594_993,2025-02-24,6,19.983545380740637,48,0.0,1,1,B,US,Android
22B030594_994,2025-02-01,1,16.016321083848403,28,0.94,1,0,A,JP,iOS
22B030594_995,2025-01-08,0,28.08187704015875,14,0.48,0,1,B,US,Android
22B030594_996,2025-02-05,6,28.713292171326742,14,0.0,1,0,A,UK,iOS
22B030594_997,2025-02-20,6,38.65011253862191,22,0.0,1,0,A,UK,iOS
22B030594_998,2025-01-11,3,22.56976979476429,11,0.0,0,1,B,BR,Android
22B030594_999,2025-02-22,3,30.454665276564704,22,0.0,0,0,A,IN,iOS
22B030594_1000,2025-02-28,2,11.007457637411205,30,1.4,1,1,A,US,Android
22B030594_1001,2025-02-02,5,23.117865916884323,11,0.0,1,0,B,JP,Android
22B030594_1002,2025-01-03,3,10.895493969321812,5,0.0,0,1,A,JP,Android
22B030594_1003,2025-02-14,1,3.1777849284968696,13,0.0,1,0,B,JP,Android
22B030594_1004,2025-01-19,1,9.155959911252054,31,0.0,1,0,B,UK,iOS
22B030594_1005,2025-02-19,1,28.987274223741537,42,0.0,1,1,B,US,iOS
22B030594_1006,2025-02-08,2,14.015350327923363,32,0.42,0,1,B,UK,iOS
22B030594_1007,2025-02-17,2,17.306383258036256,5,0.0,0,0,B,US,Android
22B030594_1008,2025-01-24,1,18.381933908964484,33,0.0,0,0,A,US,iOS
22B030594_1009,2025-02-13,4,0.4433182387542267,24,2.1,1,0,B,IN,iOS
22B030594_1010,2025-01-21,2,15.778468931609675,29,0.0,1,0,A,UK,Android
22B030594_1011,2025-01-26,3,19.952025365394913,28,0.0,1,0,A,IN,iOS
22B030594_1012,2025-01-05,2,16.928804073014607,45,0.0,1,1,A,UK,iOS
22B030594_1013,2025-02-05,2,24.948446106591824,26,0.0,1,1,B,US,iOS
22B030594_1014,2025-02-14,5,20.183130553838808,35,0.0,1,1,B,BR,iOS
22B030594_1015,2025-02-20,1,6.2743067614577885,12,0.0,1,0,A,US,iOS
22B030594_1016,2025-02-12,1,23.490003939473763,22,0.34,0,1,B,BR,Android
22B030594_1017,2025-02-15,5,25.37397884661787,23,0.39,1,1,B,UK,Android
22B030594_1018,2025-01-01,1,35.25375865458423,15,0.0,1,1,B,JP,Android
22B030594_1019,2025-01-13,5,18.419929782777892,25,0.31,1,0,B,BR,iOS
22B030594_1020,2025-01-21,1,22.687969947614505,35,0.0,1,1,B,BR,Android
22B030594_1021,2025-01-16,3,19.86058532408575,26,0.0,1,1,A,BR,Android
22B030594_1022,2025-02-28,3,20.71954312140191,22,0.0,0,0,B,BR,iOS
22B030594_1023,2025-02-07,3,8.740265709198193,29,0.0,1,0,B,UK,Android
22B030594_1024,2025-02-23,2,19.976341724166783,19,0.0,1,1,A,JP,Android
22B030594_1025,2025-02-26,5,16.671395007766385,46,0.29,0,0,A,BR,Android
22B030594_1026,2025-03-01,6,17.280773138538457,32,0.0,1,1,A,US,Android
22B030594_1027,2025-01-29,1,16.65917626957272,12,0.0,1,1,B,IN,Android
22B030594_1028,2025-02-19,1,12.902540987701789,39,0.0,1,0,B,JP,iOS
22B030594_1029,2025-02-19,3,21.0283791919862,48,0.0,1,1,B,US,Android
22B030594_1030,2025-01-23,2,22.9527177272302,38,0.0,0,0,B,JP,Android
22B030594_1031,2025-01-09,5,24.161280593940358,41,0.0,1,0,B,JP,Android
22B030594_1032,2025-02-13,4,20.301653669257597,11,0.0,0,1,B,JP,Android
22B030594_1033,2025-01-08,2,16.15882494459598,25,0.0,1,1,B,UK,Android
22B030594_1034,2025-01-18,4,14.718319533260438,21,0.0,1,0,B,IN,iOS
22B030594_1035,2025-02-05,2,19.333262456300854,32,0.0,1,0,A,IN,Android
22B030594_1036,2025-02-06,3,29.21076721775327,24,0.0,0,0,A,IN,iOS
22B030594_1037,2025-02-13,5,16.04147884896564,33,0.0,0,0,B,JP,iOS
22B030594_1038,2025-01-18,2,20.51509182722457,49,0.0,1,0,B,UK,Android
22B030594_1039,2025-02-09,1,31.962893020646124,15,0.0,0,0,B,JP,iOS
22B030594_1040,2025-02-28,5,26.374264756575112,18,0.62,1,0,B,JP,Android
22B030594_1041,2025-02-27,4,23.32890312285656,19,0.0,1,0,A,UK,Android
22B030594_1042,2025-02-10,6,21.71603206573567,14,0.0,1,0,A,US,Android
22B030594_1043,2025-02-19,8,31.42342894707295,42,0.0,0,1,A,JP,iOS
22B030594_1044,2025-02-04,2,25.08701618841573,10,0.84,1,1,B,BR,iOS
22B030594_1045,2025-02-18,4,13.461309566458908,18,0.0,1,1,A,JP,Android
22B030594_1046,2025-01-30,4,22.808972559819097,49,0.33,0,0,B,UK,iOS
